,Cement,Blast Furnace Slag,Fly Ash,Water,Superplasticizer,Coarse Aggregate,Fine Aggregate,Age,Strength,Ingredient Total
0,540.0,0.0,0.0,162.0,2.5,1040.0,676.0,28,79.99,2420.5
1,540.0,0.0,0.0,162.0,2.5,1055.0,676.0,28,61.89,2435.5
2,332.5,142.5,0.0,228.0,0.0,932.0,594.0,270,40.27,2229.0
3,332.5,142.5,0.0,228.0,0.0,932.0,594.0,365,41.05,2229.0
4,198.6,132.4,0.0,192.0,0.0,978.4,825.5,360,44.3,2326.9
5,266.0,114.0,0.0,228.0,0.0,932.0,670.0,90,47.03,2210.0
6,380.0,95.0,0.0,228.0,0.0,932.0,594.0,365,43.7,2229.0
7,380.0,95.0,0.0,228.0,0.0,932.0,594.0,28,36.45,2229.0
8,266.0,114.0,0.0,228.0,0.0,932.0,670.0,28,45.85,2210.0
9,475.0,0.0,0.0,228.0,0.0,932.0,594.0,28,39.29,2229.0
10,198.6,132.4,0.0,192.0,0.0,978.4,825.5,90,38.07,2326.9
11,198.6,132.4,0.0,192.0,0.0,978.4,825.5,28,28.02,2326.9
12,427.5,47.5,0.0,228.0,0.0,932.0,594.0,270,43.01,2229.0
13,190.0,190.0,0.0,228.0,0.0,932.0,670.0,90,42.33,2210.0
14,304.0,76.0,0.0,228.0,0.0,932.0,670.0,28,47.81,2210.0
15,380.0,0.0,0.0,228.0,0.0,932.0,670.0,90,52.91,2210.0
16,139.6,209.4,0.0,192.0,0.0,1047.0,806.9,90,39.36,2394.9
17,342.0,38.0,0.0,228.0,0.0,932.0,670.0,365,56.14,2210.0
18,380.0,95.0,0.0,228.0,0.0,932.0,594.0,90,40.56,2229.0
19,475.0,0.0,0.0,228.0,0.0,932.0,594.0,180,42.62,2229.0
20,427.5,47.5,0.0,228.0,0.0,932.0,594.0,180,41.84,2229.0
21,139.6,209.4,0.0,192.0,0.0,1047.0,806.9,28,28.24,2394.9
22,139.6,209.4,0.0,192.0,0.0,1047.0,806.9,3,8.06,2394.9
23,139.6,209.4,0.0,192.0,0.0,1047.0,806.9,180,44.21,2394.9
24,380.0,0.0,0.0,228.0,0.0,932.0,670.0,365,52.52,2210.0
25,380.0,0.0,0.0,228.0,0.0,932.0,670.0,270,53.3,2210.0
26,380.0,95.0,0.0,228.0,0.0,932.0,594.0,270,41.15,2229.0
27,342.0,38.0,0.0,228.0,0.0,932.0,670.0,180,52.12,2210.0
28,427.5,47.5,0.0,228.0,0.0,932.0,594.0,28,37.43,2229.0
29,475.0,0.0,0.0,228.0,0.0,932.0,594.0,7,38.6,2229.0
30,304.0,76.0,0.0,228.0,0.0,932.0,670.0,365,55.26,2210.0
31,266.0,114.0,0.0,228.0,0.0,932.0,670.0,365,52.91,2210.0
32,198.6,132.4,0.0,192.0,0.0,978.4,825.5,180,41.72,2326.9
33,475.0,0.0,0.0,228.0,0.0,932.0,594.0,270,42.13,2229.0
34,190.0,190.0,0.0,228.0,0.0,932.0,670.0,365,53.69,2210.0
35,237.5,237.5,0.0,228.0,0.0,932.0,594.0,270,38.41,2229.0
36,237.5,237.5,0.0,228.0,0.0,932.0,594.0,28,30.08,2229.0
37,332.5,142.5,0.0,228.0,0.0,932.0,594.0,90,37.72,2229.0
38,475.0,0.0,0.0,228.0,0.0,932.0,594.0,90,42.23,2229.0
39,237.5,237.5,0.0,228.0,0.0,932.0,594.0,180,36.25,2229.0
40,342.0,38.0,0.0,228.0,0.0,932.0,670.0,90,50.46,2210.0
41,427.5,47.5,0.0,228.0,0.0,932.0,594.0,365,43.7,2229.0
42,237.5,237.5,0.0,228.0,0.0,932.0,594.0,365,39.0,2229.0
43,380.0,0.0,0.0,228.0,0.0,932.0,670.0,180,53.1,2210.0
44,427.5,47.5,0.0,228.0,0.0,932.0,594.0,90,41.54,2229.0
45,427.5,47.5,0.0,228.0,0.0,932.0,594.0,7,35.08,2229.0
46,349.0,0.0,0.0,192.0,0.0,1047.0,806.9,3,15.05,2394.9
47,380.0,95.0,0.0,228.0,0.0,932.0,594.0,180,40.76,2229.0
48,237.5,237.5,0.0,228.0,0.0,932.0,594.0,7,26.26,2229.0
49,380.0,95.0,0.0,228.0,0.0,932.0,594.0,7,32.82,2229.0
50,332.5,142.5,0.0,228.0,0.0,932.0,594.0,180,39.78,2229.0
51,190.0,190.0,0.0,228.0,0.0,932.0,670.0,180,46.93,2210.0
52,237.5,237.5,0.0,228.0,0.0,932.0,594.0,90,33.12,2229.0
53,304.0,76.0,0.0,228.0,0.0,932.0,670.0,90,49.19,2210.0
54,139.6,209.4,0.0,192.0,0.0,1047.0,806.9,7,14.59,2394.9
55,198.6,132.4,0.0,192.0,0.0,978.4,825.5,7,14.64,2326.9
56,475.0,0.0,0.0,228.0,0.0,932.0,594.0,365,41.93,2229.0
57,198.6,132.4,0.0,192.0,0.0,978.4,825.5,3,9.13,2326.9
58,304.0,76.0,0.0,228.0,0.0,932.0,670.0,180,50.95,2210.0
59,332.5,142.5,0.0,228.0,0.0,932.0,594.0,28,33.02,2229.0
60,304.0,76.0,0.0,228.0,0.0,932.0,670.0,270,54.38,2210.0
61,266.0,114.0,0.0,228.0,0.0,932.0,670.0,270,51.73,2210.0
62,310.0,0.0,0.0,192.0,0.0,971.0,850.6,3,9.87,2323.6
63,190.0,190.0,0.0,228.0,0.0,932.0,670.0,270,50.66,2210.0
64,266.0,114.0,0.0,228.0,0.0,932.0,670.0,180,48.7,2210.0
65,342.0,38.0,0.0,228.0,0.0,932.0,670.0,270,55.06,2210.0
66,139.6,209.4,0.0,192.0,0.0,1047.0,806.9,360,44.7,2394.9
67,332.5,142.5,0.0,228.0,0.0,932.0,594.0,7,30.28,2229.0
68,190.0,190.0,0.0,228.0,0.0,932.0,670.0,28,40.86,2210.0
69,485.0,0.0,0.0,146.0,0.0,1120.0,800.0,28,71.99,2551.0
70,374.0,189.2,0.0,170.1,10.1,926.1,756.7,3,34.4,2426.2
71,313.3,262.2,0.0,175.5,8.6,1046.9,611.8,3,28.8,2418.3
72,425.0,106.3,0.0,153.5,16.5,852.1,887.1,3,33.4,2440.5
73,425.0,106.3,0.0,151.4,18.6,936.0,803.7,3,36.3,2441.0
74,375.0,93.8,0.0,126.6,23.4,852.1,992.6,3,29.0,2463.5
75,475.0,118.8,0.0,181.1,8.9,852.1,781.5,3,37.8,2417.4
76,469.0,117.2,0.0,137.8,32.2,852.1,840.5,3,40.2,2448.8
77,425.0,106.3,0.0,153.5,16.5,852.1,887.1,3,33.4,2440.5
78,388.6,97.1,0.0,157.9,12.1,852.1,925.7,3,28.1,2433.5
79,531.3,0.0,0.0,141.8,28.2,852.1,893.7,3,41.3,2447.1000000000004
80,425.0,106.3,0.0,153.5,16.5,852.1,887.1,3,33.4,2440.5
81,318.8,212.5,0.0,155.7,14.3,852.1,880.4,3,25.2,2433.8
82,401.8,94.7,0.0,147.4,11.4,946.8,852.1,3,41.1,2454.2
83,362.6,189.0,0.0,164.9,11.6,944.7,755.8,3,35.3,2428.6000000000004
84,323.7,282.8,0.0,183.8,10.3,942.7,659.9,3,28.3,2403.2
85,379.5,151.2,0.0,153.9,15.9,1134.3,605.0,3,28.6,2439.8
86,362.6,189.0,0.0,164.9,11.6,944.7,755.8,3,35.3,2428.6000000000004
87,286.3,200.9,0.0,144.7,11.2,1004.6,803.7,3,24.4,2451.4000000000005
88,362.6,189.0,0.0,164.9,11.6,944.7,755.8,3,35.3,2428.6000000000004
89,439.0,177.0,0.0,186.0,11.1,884.9,707.9,3,39.3,2405.9
90,389.9,189.0,0.0,145.9,22.0,944.7,755.8,3,40.6,2447.3
91,362.6,189.0,0.0,164.9,11.6,944.7,755.8,3,35.3,2428.6000000000004
92,337.9,189.0,0.0,174.9,9.5,944.7,755.8,3,24.1,2411.8
93,374.0,189.2,0.0,170.1,10.1,926.1,756.7,7,46.2,2426.2
94,313.3,262.2,0.0,175.5,8.6,1046.9,611.8,7,42.8,2418.3
95,425.0,106.3,0.0,153.5,16.5,852.1,887.1,7,49.2,2440.5
96,425.0,106.3,0.0,151.4,18.6,936.0,803.7,7,46.8,2441.0
97,375.0,93.8,0.0,126.6,23.4,852.1,992.6,7,45.7,2463.5
98,475.0,118.8,0.0,181.1,8.9,852.1,781.5,7,55.6,2417.4
99,469.0,117.2,0.0,137.8,32.2,852.1,840.5,7,54.9,2448.8
100,425.0,106.3,0.0,153.5,16.5,852.1,887.1,7,49.2,2440.5
101,388.6,97.1,0.0,157.9,12.1,852.1,925.7,7,34.9,2433.5
102,531.3,0.0,0.0,141.8,28.2,852.1,893.7,7,46.9,2447.1000000000004
103,425.0,106.3,0.0,153.5,16.5,852.1,887.1,7,49.2,2440.5
104,318.8,212.5,0.0,155.7,14.3,852.1,880.4,7,33.4,2433.8
105,401.8,94.7,0.0,147.4,11.4,946.8,852.1,7,54.1,2454.2
106,362.6,189.0,0.0,164.9,11.6,944.7,755.8,7,55.9,2428.6000000000004
107,323.7,282.8,0.0,183.8,10.3,942.7,659.9,7,49.8,2403.2
108,379.5,151.2,0.0,153.9,15.9,1134.3,605.0,7,47.1,2439.8
109,362.6,189.0,0.0,164.9,11.6,944.7,755.8,7,55.9,2428.6000000000004
110,286.3,200.9,0.0,144.7,11.2,1004.6,803.7,7,38.0,2451.4000000000005
111,362.6,189.0,0.0,164.9,11.6,944.7,755.8,7,55.9,2428.6000000000004
112,439.0,177.0,0.0,186.0,11.1,884.9,707.9,7,56.1,2405.9
113,389.9,189.0,0.0,145.9,22.0,944.7,755.8,7,59.09,2447.3
114,362.6,189.0,0.0,164.9,11.6,944.7,755.8,7,22.9,2428.6000000000004
115,337.9,189.0,0.0,174.9,9.5,944.7,755.8,7,35.1,2411.8
116,374.0,189.2,0.0,170.1,10.1,926.1,756.7,28,61.09,2426.2
117,313.3,262.2,0.0,175.5,8.6,1046.9,611.8,28,59.8,2418.3
118,425.0,106.3,0.0,153.5,16.5,852.1,887.1,28,60.29,2440.5
119,425.0,106.3,0.0,151.4,18.6,936.0,803.7,28,61.8,2441.0
120,375.0,93.8,0.0,126.6,23.4,852.1,992.6,28,56.7,2463.5
121,475.0,118.8,0.0,181.1,8.9,852.1,781.5,28,68.3,2417.4
122,469.0,117.2,0.0,137.8,32.2,852.1,840.5,28,66.9,2448.8
123,425.0,106.3,0.0,153.5,16.5,852.1,887.1,28,60.29,2440.5
124,388.6,97.1,0.0,157.9,12.1,852.1,925.7,28,50.7,2433.5
125,531.3,0.0,0.0,141.8,28.2,852.1,893.7,28,56.4,2447.1000000000004
126,425.0,106.3,0.0,153.5,16.5,852.1,887.1,28,60.29,2440.5
127,318.8,212.5,0.0,155.7,14.3,852.1,880.4,28,55.5,2433.8
128,401.8,94.7,0.0,147.4,11.4,946.8,852.1,28,68.5,2454.2
129,362.6,189.0,0.0,164.9,11.6,944.7,755.8,28,71.3,2428.6000000000004
130,323.7,282.8,0.0,183.8,10.3,942.7,659.9,28,74.7,2403.2
131,379.5,151.2,0.0,153.9,15.9,1134.3,605.0,28,52.2,2439.8
132,362.6,189.0,0.0,164.9,11.6,944.7,755.8,28,71.3,2428.6000000000004
133,286.3,200.9,0.0,144.7,11.2,1004.6,803.7,28,67.7,2451.4000000000005
134,362.6,189.0,0.0,164.9,11.6,944.7,755.8,28,71.3,2428.6000000000004
135,439.0,177.0,0.0,186.0,11.1,884.9,707.9,28,66.0,2405.9
136,389.9,189.0,0.0,145.9,22.0,944.7,755.8,28,74.5,2447.3
137,362.6,189.0,0.0,164.9,11.6,944.7,755.8,28,71.3,2428.6000000000004
138,337.9,189.0,0.0,174.9,9.5,944.7,755.8,28,49.9,2411.8
139,374.0,189.2,0.0,170.1,10.1,926.1,756.7,56,63.4,2426.2
140,313.3,262.2,0.0,175.5,8.6,1046.9,611.8,56,64.9,2418.3
141,425.0,106.3,0.0,153.5,16.5,852.1,887.1,56,64.3,2440.5
142,425.0,106.3,0.0,151.4,18.6,936.0,803.7,56,64.9,2441.0
143,375.0,93.8,0.0,126.6,23.4,852.1,992.6,56,60.2,2463.5
144,475.0,118.8,0.0,181.1,8.9,852.1,781.5,56,72.3,2417.4
145,469.0,117.2,0.0,137.8,32.2,852.1,840.5,56,69.3,2448.8
146,425.0,106.3,0.0,153.5,16.5,852.1,887.1,56,64.3,2440.5
147,388.6,97.1,0.0,157.9,12.1,852.1,925.7,56,55.2,2433.5
148,531.3,0.0,0.0,141.8,28.2,852.1,893.7,56,58.8,2447.1000000000004
149,425.0,106.3,0.0,153.5,16.5,852.1,887.1,56,64.3,2440.5
150,318.8,212.5,0.0,155.7,14.3,852.1,880.4,56,66.1,2433.8
151,401.8,94.7,0.0,147.4,11.4,946.8,852.1,56,73.7,2454.2
152,362.6,189.0,0.0,164.9,11.6,944.7,755.8,56,77.3,2428.6000000000004
153,323.7,282.8,0.0,183.8,10.3,942.7,659.9,56,80.2,2403.2
154,379.5,151.2,0.0,153.9,15.9,1134.3,605.0,56,54.9,2439.8
155,362.6,189.0,0.0,164.9,11.6,944.7,755.8,56,77.3,2428.6000000000004
156,286.3,200.9,0.0,144.7,11.2,1004.6,803.7,56,72.99,2451.4000000000005
157,362.6,189.0,0.0,164.9,11.6,944.7,755.8,56,77.3,2428.6000000000004
158,439.0,177.0,0.0,186.0,11.1,884.9,707.9,56,71.7,2405.9
159,389.9,189.0,0.0,145.9,22.0,944.7,755.8,56,79.4,2447.3
160,362.6,189.0,0.0,164.9,11.6,944.7,755.8,56,77.3,2428.6000000000004
161,337.9,189.0,0.0,174.9,9.5,944.7,755.8,56,59.89,2411.8
162,374.0,189.2,0.0,170.1,10.1,926.1,756.7,91,64.9,2426.2
163,313.3,262.2,0.0,175.5,8.6,1046.9,611.8,91,66.6,2418.3
164,425.0,106.3,0.0,153.5,16.5,852.1,887.1,91,65.2,2440.5
165,425.0,106.3,0.0,151.4,18.6,936.0,803.7,91,66.7,2441.0
166,375.0,93.8,0.0,126.6,23.4,852.1,992.6,91,62.5,2463.5
167,475.0,118.8,0.0,181.1,8.9,852.1,781.5,91,74.19,2417.4
168,469.0,117.2,0.0,137.8,32.2,852.1,840.5,91,70.7,2448.8
169,425.0,106.3,0.0,153.5,16.5,852.1,887.1,91,65.2,2440.5
170,388.6,97.1,0.0,157.9,12.1,852.1,925.7,91,57.6,2433.5
171,531.3,0.0,0.0,141.8,28.2,852.1,893.7,91,59.2,2447.1000000000004
172,425.0,106.3,0.0,153.5,16.5,852.1,887.1,91,65.2,2440.5
173,318.8,212.5,0.0,155.7,14.3,852.1,880.4,91,68.1,2433.8
174,401.8,94.7,0.0,147.4,11.4,946.8,852.1,91,75.5,2454.2
175,362.6,189.0,0.0,164.9,11.6,944.7,755.8,91,79.3,2428.6000000000004
176,379.5,151.2,0.0,153.9,15.9,1134.3,605.0,91,56.5,2439.8
177,362.6,189.0,0.0,164.9,11.6,944.7,755.8,91,79.3,2428.6000000000004
178,286.3,200.9,0.0,144.7,11.2,1004.6,803.7,91,76.8,2451.4000000000005
179,362.6,189.0,0.0,164.9,11.6,944.7,755.8,91,79.3,2428.6000000000004
180,439.0,177.0,0.0,186.0,11.1,884.9,707.9,91,73.3,2405.9
181,389.9,189.0,0.0,145.9,22.0,944.7,755.8,91,82.6,2447.3
182,362.6,189.0,0.0,164.9,11.6,944.7,755.8,91,79.3,2428.6000000000004
183,337.9,189.0,0.0,174.9,9.5,944.7,755.8,91,67.8,2411.8
184,222.4,0.0,96.7,189.3,4.5,967.1,870.3,3,11.58,2350.3
185,222.4,0.0,96.7,189.3,4.5,967.1,870.3,14,24.45,2350.3
186,222.4,0.0,96.7,189.3,4.5,967.1,870.3,28,24.89,2350.3
187,222.4,0.0,96.7,189.3,4.5,967.1,870.3,56,29.45,2350.3
188,222.4,0.0,96.7,189.3,4.5,967.1,870.3,100,40.71,2350.3
189,233.8,0.0,94.6,197.9,4.6,947.0,852.2,3,10.38,2330.1000000000004
190,233.8,0.0,94.6,197.9,4.6,947.0,852.2,14,22.14,2330.1000000000004
191,233.8,0.0,94.6,197.9,4.6,947.0,852.2,28,22.84,2330.1000000000004
192,233.8,0.0,94.6,197.9,4.6,947.0,852.2,56,27.66,2330.1000000000004
193,233.8,0.0,94.6,197.9,4.6,947.0,852.2,100,34.56,2330.1000000000004
194,194.7,0.0,100.5,165.6,7.5,1006.4,905.9,3,12.45,2380.6
195,194.7,0.0,100.5,165.6,7.5,1006.4,905.9,14,24.99,2380.6
196,194.7,0.0,100.5,165.6,7.5,1006.4,905.9,28,25.72,2380.6
197,194.7,0.0,100.5,165.6,7.5,1006.4,905.9,56,33.96,2380.6
198,194.7,0.0,100.5,165.6,7.5,1006.4,905.9,100,37.34,2380.6
199,190.7,0.0,125.4,162.1,7.8,1090.0,804.0,3,15.04,2380.0
200,190.7,0.0,125.4,162.1,7.8,1090.0,804.0,14,21.06,2380.0
201,190.7,0.0,125.4,162.1,7.8,1090.0,804.0,28,26.4,2380.0
202,190.7,0.0,125.4,162.1,7.8,1090.0,804.0,56,35.34,2380.0
203,190.7,0.0,125.4,162.1,7.8,1090.0,804.0,100,40.57,2380.0
204,212.1,0.0,121.6,180.3,5.7,1057.6,779.3,3,12.47,2356.6
205,212.1,0.0,121.6,180.3,5.7,1057.6,779.3,14,20.92,2356.6
206,212.1,0.0,121.6,180.3,5.7,1057.6,779.3,28,24.9,2356.6
207,212.1,0.0,121.6,180.3,5.7,1057.6,779.3,56,34.2,2356.6
208,212.1,0.0,121.6,180.3,5.7,1057.6,779.3,100,39.61,2356.6
209,230.0,0.0,118.3,195.5,4.6,1029.4,758.6,3,10.03,2336.4
210,230.0,0.0,118.3,195.5,4.6,1029.4,758.6,14,20.08,2336.4
211,230.0,0.0,118.3,195.5,4.6,1029.4,758.6,28,24.48,2336.4
212,230.0,0.0,118.3,195.5,4.6,1029.4,758.6,56,31.54,2336.4
213,230.0,0.0,118.3,195.5,4.6,1029.4,758.6,100,35.34,2336.4
214,190.3,0.0,125.2,161.9,9.9,1088.1,802.6,3,9.45,2378.0
215,190.3,0.0,125.2,161.9,9.9,1088.1,802.6,14,22.72,2378.0
216,190.3,0.0,125.2,161.9,9.9,1088.1,802.6,28,28.47,2378.0
217,190.3,0.0,125.2,161.9,9.9,1088.1,802.6,56,38.56,2378.0
218,190.3,0.0,125.2,161.9,9.9,1088.1,802.6,100,40.39,2378.0
219,166.1,0.0,163.3,176.5,4.5,1058.6,780.1,3,10.76,2349.1
220,166.1,0.0,163.3,176.5,4.5,1058.6,780.1,14,25.48,2349.1
221,166.1,0.0,163.3,176.5,4.5,1058.6,780.1,28,21.54,2349.1
222,166.1,0.0,163.3,176.5,4.5,1058.6,780.1,56,28.63,2349.1
223,166.1,0.0,163.3,176.5,4.5,1058.6,780.1,100,33.54,2349.1
224,168.0,42.1,163.8,121.8,5.7,1058.7,780.1,3,7.75,2340.2
225,168.0,42.1,163.8,121.8,5.7,1058.7,780.1,14,17.82,2340.2
226,168.0,42.1,163.8,121.8,5.7,1058.7,780.1,28,24.24,2340.2
227,168.0,42.1,163.8,121.8,5.7,1058.7,780.1,56,32.85,2340.2
228,168.0,42.1,163.8,121.8,5.7,1058.7,780.1,100,39.23,2340.2
229,213.7,98.1,24.5,181.7,6.9,1065.8,785.4,3,18.0,2376.1
230,213.7,98.1,24.5,181.7,6.9,1065.8,785.4,14,30.39,2376.1
231,213.7,98.1,24.5,181.7,6.9,1065.8,785.4,28,45.71,2376.1
232,213.7,98.1,24.5,181.7,6.9,1065.8,785.4,56,50.77,2376.1
233,213.7,98.1,24.5,181.7,6.9,1065.8,785.4,100,53.9,2376.1
234,213.8,98.1,24.5,181.7,6.7,1066.0,785.5,3,13.18,2376.3
235,213.8,98.1,24.5,181.7,6.7,1066.0,785.5,14,17.84,2376.3
236,213.8,98.1,24.5,181.7,6.7,1066.0,785.5,28,40.23,2376.3
237,213.8,98.1,24.5,181.7,6.7,1066.0,785.5,56,47.13,2376.3
238,213.8,98.1,24.5,181.7,6.7,1066.0,785.5,100,49.97,2376.3
239,229.7,0.0,118.2,195.2,6.1,1028.1,757.6,3,13.36,2334.8999999999996
240,229.7,0.0,118.2,195.2,6.1,1028.1,757.6,14,22.32,2334.8999999999996
241,229.7,0.0,118.2,195.2,6.1,1028.1,757.6,28,24.54,2334.8999999999996
242,229.7,0.0,118.2,195.2,6.1,1028.1,757.6,56,31.35,2334.8999999999996
243,229.7,0.0,118.2,195.2,6.1,1028.1,757.6,100,40.86,2334.8999999999996
244,238.1,0.0,94.1,186.7,7.0,949.9,847.0,3,19.93,2322.8
245,238.1,0.0,94.1,186.7,7.0,949.9,847.0,14,25.69,2322.8
246,238.1,0.0,94.1,186.7,7.0,949.9,847.0,28,30.23,2322.8
247,238.1,0.0,94.1,186.7,7.0,949.9,847.0,56,39.59,2322.8
248,238.1,0.0,94.1,186.7,7.0,949.9,847.0,100,44.3,2322.8
249,250.0,0.0,95.7,187.4,5.5,956.9,861.2,3,13.82,2356.7
250,250.0,0.0,95.7,187.4,5.5,956.9,861.2,14,24.92,2356.7
251,250.0,0.0,95.7,187.4,5.5,956.9,861.2,28,29.22,2356.7
252,250.0,0.0,95.7,187.4,5.5,956.9,861.2,56,38.33,2356.7
253,250.0,0.0,95.7,187.4,5.5,956.9,861.2,100,42.35,2356.7
254,212.5,0.0,100.4,159.3,8.7,1007.8,903.6,3,13.54,2392.2999999999997
255,212.5,0.0,100.4,159.3,8.7,1007.8,903.6,14,26.31,2392.2999999999997
256,212.5,0.0,100.4,159.3,8.7,1007.8,903.6,28,31.64,2392.2999999999997
257,212.5,0.0,100.4,159.3,8.7,1007.8,903.6,56,42.55,2392.2999999999997
258,212.5,0.0,100.4,159.3,8.7,1007.8,903.6,100,42.92,2392.2999999999997
259,212.6,0.0,100.4,159.4,10.4,1003.8,903.8,3,13.33,2390.3999999999996
260,212.6,0.0,100.4,159.4,10.4,1003.8,903.8,14,25.37,2390.3999999999996
261,212.6,0.0,100.4,159.4,10.4,1003.8,903.8,28,37.4,2390.3999999999996
262,212.6,0.0,100.4,159.4,10.4,1003.8,903.8,56,44.4,2390.3999999999996
263,212.6,0.0,100.4,159.4,10.4,1003.8,903.8,100,47.74,2390.3999999999996
264,212.0,0.0,124.8,159.0,7.8,1085.4,799.5,3,19.52,2388.5
265,212.0,0.0,124.8,159.0,7.8,1085.4,799.5,14,31.35,2388.5
266,212.0,0.0,124.8,159.0,7.8,1085.4,799.5,28,38.5,2388.5
267,212.0,0.0,124.8,159.0,7.8,1085.4,799.5,56,45.08,2388.5
268,212.0,0.0,124.8,159.0,7.8,1085.4,799.5,100,47.82,2388.5
269,231.8,0.0,121.6,174.0,6.7,1056.4,778.5,3,15.44,2369.0
270,231.8,0.0,121.6,174.0,6.7,1056.4,778.5,14,26.77,2369.0
271,231.8,0.0,121.6,174.0,6.7,1056.4,778.5,28,33.73,2369.0
272,231.8,0.0,121.6,174.0,6.7,1056.4,778.5,56,42.7,2369.0
273,231.8,0.0,121.6,174.0,6.7,1056.4,778.5,100,45.84,2369.0
274,251.4,0.0,118.3,188.5,5.8,1028.4,757.7,3,17.22,2350.1000000000004
275,251.4,0.0,118.3,188.5,5.8,1028.4,757.7,14,29.93,2350.1000000000004
276,251.4,0.0,118.3,188.5,5.8,1028.4,757.7,28,29.65,2350.1000000000004
277,251.4,0.0,118.3,188.5,5.8,1028.4,757.7,56,36.97,2350.1000000000004
278,251.4,0.0,118.3,188.5,5.8,1028.4,757.7,100,43.58,2350.1000000000004
279,251.4,0.0,118.3,188.5,6.4,1028.4,757.7,3,13.12,2350.7
280,251.4,0.0,118.3,188.5,6.4,1028.4,757.7,14,24.43,2350.7
281,251.4,0.0,118.3,188.5,6.4,1028.4,757.7,28,32.66,2350.7
282,251.4,0.0,118.3,188.5,6.4,1028.4,757.7,56,36.64,2350.7
283,251.4,0.0,118.3,188.5,6.4,1028.4,757.7,100,44.21,2350.7
284,181.4,0.0,167.0,169.6,7.6,1055.6,777.8,3,13.62,2359.0
285,181.4,0.0,167.0,169.6,7.6,1055.6,777.8,14,21.6,2359.0
286,181.4,0.0,167.0,169.6,7.6,1055.6,777.8,28,27.77,2359.0
287,181.4,0.0,167.0,169.6,7.6,1055.6,777.8,56,35.57,2359.0
288,181.4,0.0,167.0,169.6,7.6,1055.6,777.8,100,45.37,2359.0
289,182.0,45.2,122.0,170.2,8.2,1059.4,780.7,3,7.32,2367.7
290,182.0,45.2,122.0,170.2,8.2,1059.4,780.7,14,21.5,2367.7
291,182.0,45.2,122.0,170.2,8.2,1059.4,780.7,28,31.27,2367.7
292,182.0,45.2,122.0,170.2,8.2,1059.4,780.7,56,43.5,2367.7
293,182.0,45.2,122.0,170.2,8.2,1059.4,780.7,100,48.67,2367.7
294,168.9,42.2,124.3,158.3,10.8,1080.8,796.2,3,7.4,2381.5
295,168.9,42.2,124.3,158.3,10.8,1080.8,796.2,14,23.51,2381.5
296,168.9,42.2,124.3,158.3,10.8,1080.8,796.2,28,31.12,2381.5
297,168.9,42.2,124.3,158.3,10.8,1080.8,796.2,56,39.15,2381.5
298,168.9,42.2,124.3,158.3,10.8,1080.8,796.2,100,48.15,2381.5
299,290.4,0.0,96.2,168.1,9.4,961.2,865.0,3,22.5,2390.3
300,290.4,0.0,96.2,168.1,9.4,961.2,865.0,14,34.67,2390.3
301,290.4,0.0,96.2,168.1,9.4,961.2,865.0,28,34.74,2390.3
302,290.4,0.0,96.2,168.1,9.4,961.2,865.0,56,45.08,2390.3
303,290.4,0.0,96.2,168.1,9.4,961.2,865.0,100,48.97,2390.3
304,277.1,0.0,97.4,160.6,11.8,973.9,875.6,3,23.14,2396.4
305,277.1,0.0,97.4,160.6,11.8,973.9,875.6,14,41.89,2396.4
306,277.1,0.0,97.4,160.6,11.8,973.9,875.6,28,48.28,2396.4
307,277.1,0.0,97.4,160.6,11.8,973.9,875.6,56,51.04,2396.4
308,277.1,0.0,97.4,160.6,11.8,973.9,875.6,100,55.64,2396.4
309,295.7,0.0,95.6,171.5,8.9,955.1,859.2,3,22.95,2386.0
310,295.7,0.0,95.6,171.5,8.9,955.1,859.2,14,35.23,2386.0
311,295.7,0.0,95.6,171.5,8.9,955.1,859.2,28,39.94,2386.0
312,295.7,0.0,95.6,171.5,8.9,955.1,859.2,56,48.72,2386.0
313,295.7,0.0,95.6,171.5,8.9,955.1,859.2,100,52.04,2386.0
314,251.8,0.0,99.9,146.1,12.4,1006.0,899.8,3,21.02,2416.0
315,251.8,0.0,99.9,146.1,12.4,1006.0,899.8,14,33.36,2416.0
316,251.8,0.0,99.9,146.1,12.4,1006.0,899.8,28,33.94,2416.0
317,251.8,0.0,99.9,146.1,12.4,1006.0,899.8,56,44.14,2416.0
318,251.8,0.0,99.9,146.1,12.4,1006.0,899.8,100,45.37,2416.0
319,249.1,0.0,98.8,158.1,12.8,987.8,889.0,3,15.36,2395.6
320,249.1,0.0,98.8,158.1,12.8,987.8,889.0,14,28.68,2395.6
321,249.1,0.0,98.8,158.1,12.8,987.8,889.0,28,30.85,2395.6
322,249.1,0.0,98.8,158.1,12.8,987.8,889.0,56,42.03,2395.6
323,249.1,0.0,98.8,158.1,12.8,987.8,889.0,100,51.06,2395.6
324,252.3,0.0,98.8,146.3,14.2,987.8,889.0,3,21.78,2388.4
325,252.3,0.0,98.8,146.3,14.2,987.8,889.0,14,42.29,2388.4
326,252.3,0.0,98.8,146.3,14.2,987.8,889.0,28,50.6,2388.4
327,252.3,0.0,98.8,146.3,14.2,987.8,889.0,56,55.83,2388.4
328,252.3,0.0,98.8,146.3,14.2,987.8,889.0,100,60.95,2388.4
329,246.8,0.0,125.1,143.3,12.0,1086.8,800.9,3,23.52,2414.9
330,246.8,0.0,125.1,143.3,12.0,1086.8,800.9,14,42.22,2414.9
331,246.8,0.0,125.1,143.3,12.0,1086.8,800.9,28,52.5,2414.9
332,246.8,0.0,125.1,143.3,12.0,1086.8,800.9,56,60.32,2414.9
333,246.8,0.0,125.1,143.3,12.0,1086.8,800.9,100,66.42,2414.9
334,275.1,0.0,121.4,159.5,9.9,1053.6,777.5,3,23.8,2397.0
335,275.1,0.0,121.4,159.5,9.9,1053.6,777.5,14,38.77,2397.0
336,275.1,0.0,121.4,159.5,9.9,1053.6,777.5,28,51.33,2397.0
337,275.1,0.0,121.4,159.5,9.9,1053.6,777.5,56,56.85,2397.0
338,275.1,0.0,121.4,159.5,9.9,1053.6,777.5,100,58.61,2397.0
339,297.2,0.0,117.5,174.8,9.5,1022.8,753.5,3,21.91,2375.3
340,297.2,0.0,117.5,174.8,9.5,1022.8,753.5,14,36.99,2375.3
341,297.2,0.0,117.5,174.8,9.5,1022.8,753.5,28,47.4,2375.3
342,297.2,0.0,117.5,174.8,9.5,1022.8,753.5,56,51.96,2375.3
343,297.2,0.0,117.5,174.8,9.5,1022.8,753.5,100,56.74,2375.3
344,213.7,0.0,174.7,154.8,10.2,1053.5,776.4,3,17.57,2383.3
345,213.7,0.0,174.7,154.8,10.2,1053.5,776.4,14,33.73,2383.3
346,213.7,0.0,174.7,154.8,10.2,1053.5,776.4,28,40.15,2383.3
347,213.7,0.0,174.7,154.8,10.2,1053.5,776.4,56,46.64,2383.3
348,213.7,0.0,174.7,154.8,10.2,1053.5,776.4,100,50.08,2383.3
349,213.5,0.0,174.2,154.6,11.7,1052.3,775.5,3,17.37,2381.8
350,213.5,0.0,174.2,154.6,11.7,1052.3,775.5,14,33.7,2381.8
351,213.5,0.0,174.2,154.6,11.7,1052.3,775.5,28,45.94,2381.8
352,213.5,0.0,174.2,154.6,11.7,1052.3,775.5,56,51.43,2381.8
353,213.5,0.0,174.2,154.6,11.7,1052.3,775.5,100,59.3,2381.8
354,277.2,97.8,24.5,160.7,11.2,1061.7,782.5,3,30.45,2415.6000000000004
355,277.2,97.8,24.5,160.7,11.2,1061.7,782.5,14,47.71,2415.6000000000004
356,277.2,97.8,24.5,160.7,11.2,1061.7,782.5,28,63.14,2415.6000000000004
357,277.2,97.8,24.5,160.7,11.2,1061.7,782.5,56,66.82,2415.6000000000004
358,277.2,97.8,24.5,160.7,11.2,1061.7,782.5,100,66.95,2415.6000000000004
359,218.2,54.6,123.8,140.8,11.9,1075.7,792.7,3,27.42,2417.7
360,218.2,54.6,123.8,140.8,11.9,1075.7,792.7,14,35.96,2417.7
361,218.2,54.6,123.8,140.8,11.9,1075.7,792.7,28,55.51,2417.7
362,218.2,54.6,123.8,140.8,11.9,1075.7,792.7,56,61.99,2417.7
363,218.2,54.6,123.8,140.8,11.9,1075.7,792.7,100,63.53,2417.7
364,214.9,53.8,121.9,155.6,9.6,1014.3,780.6,3,18.02,2350.7
365,214.9,53.8,121.9,155.6,9.6,1014.3,780.6,14,38.6,2350.7
366,214.9,53.8,121.9,155.6,9.6,1014.3,780.6,28,52.2,2350.7
367,214.9,53.8,121.9,155.6,9.6,1014.3,780.6,56,53.96,2350.7
368,214.9,53.8,121.9,155.6,9.6,1014.3,780.6,100,56.63,2350.7
369,218.9,0.0,124.1,158.5,11.3,1078.7,794.9,3,15.34,2386.4
370,218.9,0.0,124.1,158.5,11.3,1078.7,794.9,14,26.05,2386.4
371,218.9,0.0,124.1,158.5,11.3,1078.7,794.9,28,30.22,2386.4
372,218.9,0.0,124.1,158.5,11.3,1078.7,794.9,56,37.27,2386.4
373,218.9,0.0,124.1,158.5,11.3,1078.7,794.9,100,46.23,2386.4
374,376.0,0.0,0.0,214.6,0.0,1003.5,762.4,3,16.28,2356.5
375,376.0,0.0,0.0,214.6,0.0,1003.5,762.4,14,25.62,2356.5
376,376.0,0.0,0.0,214.6,0.0,1003.5,762.4,28,31.97,2356.5
377,376.0,0.0,0.0,214.6,0.0,1003.5,762.4,56,36.3,2356.5
378,376.0,0.0,0.0,214.6,0.0,1003.5,762.4,100,43.06,2356.5
379,500.0,0.0,0.0,140.0,4.0,966.0,853.0,28,67.57,2463.0
380,475.0,0.0,59.0,142.0,1.9,1098.0,641.0,28,57.23,2416.9
381,315.0,137.0,0.0,145.0,5.9,1130.0,745.0,28,81.75,2477.9
382,505.0,0.0,60.0,195.0,0.0,1030.0,630.0,28,64.02,2420.0
383,451.0,0.0,0.0,165.0,11.3,1030.0,745.0,28,78.8,2402.3
384,516.0,0.0,0.0,162.0,8.2,801.0,802.0,28,41.37,2289.2
385,520.0,0.0,0.0,170.0,5.2,855.0,855.0,28,60.28,2405.2
386,528.0,0.0,0.0,185.0,6.9,920.0,720.0,28,56.83,2359.9
387,520.0,0.0,0.0,175.0,5.2,870.0,805.0,28,51.02,2375.2
388,385.0,0.0,136.0,158.0,20.0,903.0,768.0,28,55.55,2370.0
389,500.1,0.0,0.0,200.0,3.0,1124.4,613.2,28,44.13,2440.7
390,450.1,50.0,0.0,200.0,3.0,1124.4,613.2,28,39.38,2440.7
391,397.0,17.2,158.0,167.0,20.8,967.0,633.0,28,55.65,2360.0
392,333.0,17.5,163.0,167.0,17.9,996.0,652.0,28,47.28,2346.4
393,334.0,17.6,158.0,189.0,15.3,967.0,633.0,28,44.33,2313.9
394,405.0,0.0,0.0,175.0,0.0,1120.0,695.0,28,52.3,2395.0
395,200.0,200.0,0.0,190.0,0.0,1145.0,660.0,28,49.25,2395.0
396,516.0,0.0,0.0,162.0,8.3,801.0,802.0,28,41.37,2289.3
397,145.0,116.0,119.0,184.0,5.7,833.0,880.0,28,29.16,2282.7
398,160.0,128.0,122.0,182.0,6.4,824.0,879.0,28,39.4,2301.4
399,234.0,156.0,0.0,189.0,5.9,981.0,760.0,28,39.3,2325.9
400,250.0,180.0,95.0,159.0,9.5,860.0,800.0,28,67.87,2353.5
401,475.0,0.0,0.0,162.0,9.5,1044.0,662.0,28,58.52,2352.5
402,285.0,190.0,0.0,163.0,7.6,1031.0,685.0,28,53.58,2361.6
403,356.0,119.0,0.0,160.0,9.0,1061.0,657.0,28,59.0,2362.0
404,275.0,180.0,120.0,162.0,10.4,830.0,765.0,28,76.24,2342.4
405,500.0,0.0,0.0,151.0,9.0,1033.0,655.0,28,69.84,2348.0
406,165.0,0.0,143.6,163.8,0.0,1005.6,900.9,3,14.4,2378.9
407,165.0,128.5,132.1,175.1,8.1,1005.8,746.6,3,19.42,2361.2
408,178.0,129.8,118.6,179.9,3.6,1007.3,746.8,3,20.73,2364.0
409,167.4,129.9,128.6,175.5,7.8,1006.3,746.6,3,14.94,2362.1
410,172.4,13.6,172.4,156.8,4.1,1006.3,856.4,3,21.29,2382.0
411,173.5,50.1,173.5,164.8,6.5,1006.2,793.5,3,23.08,2368.1000000000004
412,167.0,75.4,167.0,164.0,7.9,1007.3,770.1,3,15.52,2358.7
413,173.8,93.4,159.9,172.3,9.7,1007.2,746.6,3,15.82,2362.9
414,190.3,0.0,125.2,166.6,9.9,1079.0,798.9,3,12.55,2369.9
415,250.0,0.0,95.7,191.8,5.3,948.9,857.2,3,8.49,2348.8999999999996
416,213.5,0.0,174.2,159.2,11.7,1043.6,771.9,3,15.61,2374.1
417,194.7,0.0,100.5,170.2,7.5,998.0,901.8,3,12.18,2372.7
418,251.4,0.0,118.3,192.9,5.8,1043.6,754.3,3,11.98,2366.3
419,165.0,0.0,143.6,163.8,0.0,1005.6,900.9,14,16.88,2378.9
420,165.0,128.5,132.1,175.1,8.1,1005.8,746.6,14,33.09,2361.2
421,178.0,129.8,118.6,179.9,3.6,1007.3,746.8,14,34.24,2364.0
422,167.4,129.9,128.6,175.5,7.8,1006.3,746.6,14,31.81,2362.1
423,172.4,13.6,172.4,156.8,4.1,1006.3,856.4,14,29.75,2382.0
424,173.5,50.1,173.5,164.8,6.5,1006.2,793.5,14,33.01,2368.1000000000004
425,167.0,75.4,167.0,164.0,7.9,1007.3,770.1,14,32.9,2358.7
426,173.8,93.4,159.9,172.3,9.7,1007.2,746.6,14,29.55,2362.9
427,190.3,0.0,125.2,166.6,9.9,1079.0,798.9,14,19.42,2369.9
428,250.0,0.0,95.7,191.8,5.3,948.9,857.2,14,24.66,2348.8999999999996
429,213.5,0.0,174.2,159.2,11.7,1043.6,771.9,14,29.59,2374.1
430,194.7,0.0,100.5,170.2,7.5,998.0,901.8,14,24.28,2372.7
431,251.4,0.0,118.3,192.9,5.8,1043.6,754.3,14,20.73,2366.3
432,165.0,0.0,143.6,163.8,0.0,1005.6,900.9,28,26.2,2378.9
433,165.0,128.5,132.1,175.1,8.1,1005.8,746.6,28,46.39,2361.2
434,178.0,129.8,118.6,179.9,3.6,1007.3,746.8,28,39.16,2364.0
435,167.4,129.9,128.6,175.5,7.8,1006.3,746.6,28,41.2,2362.1
436,172.4,13.6,172.4,156.8,4.1,1006.3,856.4,28,33.69,2382.0
437,173.5,50.1,173.5,164.8,6.5,1006.2,793.5,28,38.2,2368.1000000000004
438,167.0,75.4,167.0,164.0,7.9,1007.3,770.1,28,41.41,2358.7
439,173.8,93.4,159.9,172.3,9.7,1007.2,746.6,28,37.81,2362.9
440,190.3,0.0,125.2,166.6,9.9,1079.0,798.9,28,24.85,2369.9
441,250.0,0.0,95.7,191.8,5.3,948.9,857.2,28,27.22,2348.8999999999996
442,213.5,0.0,174.2,159.2,11.7,1043.6,771.9,28,44.64,2374.1
443,194.7,0.0,100.5,170.2,7.5,998.0,901.8,28,37.27,2372.7
444,251.4,0.0,118.3,192.9,5.8,1043.6,754.3,28,33.27,2366.3
445,165.0,0.0,143.6,163.8,0.0,1005.6,900.9,56,36.56,2378.9
446,165.0,128.5,132.1,175.1,8.1,1005.8,746.6,56,53.72,2361.2
447,178.0,129.8,118.6,179.9,3.6,1007.3,746.8,56,48.59,2364.0
448,167.4,129.9,128.6,175.5,7.8,1006.3,746.6,56,51.72,2362.1
449,172.4,13.6,172.4,156.8,4.1,1006.3,856.4,56,35.85,2382.0
450,173.5,50.1,173.5,164.8,6.5,1006.2,793.5,56,53.77,2368.1000000000004
451,167.0,75.4,167.0,164.0,7.9,1007.3,770.1,56,53.46,2358.7
452,173.8,93.4,159.9,172.3,9.7,1007.2,746.6,56,48.99,2362.9
453,190.3,0.0,125.2,166.6,9.9,1079.0,798.9,56,31.72,2369.9
454,250.0,0.0,95.7,191.8,5.3,948.9,857.2,56,39.64,2348.8999999999996
455,213.5,0.0,174.2,159.2,11.7,1043.6,771.9,56,51.26,2374.1
456,194.7,0.0,100.5,170.2,7.5,998.0,901.8,56,43.39,2372.7
457,251.4,0.0,118.3,192.9,5.8,1043.6,754.3,56,39.27,2366.3
458,165.0,0.0,143.6,163.8,0.0,1005.6,900.9,100,37.96,2378.9
459,165.0,128.5,132.1,175.1,8.1,1005.8,746.6,100,55.02,2361.2
460,178.0,129.8,118.6,179.9,3.6,1007.3,746.8,100,49.99,2364.0
461,167.4,129.9,128.6,175.5,7.8,1006.3,746.6,100,53.66,2362.1
462,172.4,13.6,172.4,156.8,4.1,1006.3,856.4,100,37.68,2382.0
463,173.5,50.1,173.5,164.8,6.5,1006.2,793.5,100,56.06,2368.1000000000004
464,167.0,75.4,167.0,164.0,7.9,1007.3,770.1,100,56.81,2358.7
465,173.8,93.4,159.9,172.3,9.7,1007.2,746.6,100,50.94,2362.9
466,190.3,0.0,125.2,166.6,9.9,1079.0,798.9,100,33.56,2369.9
467,250.0,0.0,95.7,191.8,5.3,948.9,857.2,100,41.16,2348.8999999999996
468,213.5,0.0,174.2,159.2,11.7,1043.6,771.9,100,52.96,2374.1
469,194.7,0.0,100.5,170.2,7.5,998.0,901.8,100,44.28,2372.7
470,251.4,0.0,118.3,192.9,5.8,1043.6,754.3,100,40.15,2366.3
471,446.0,24.0,79.0,162.0,11.6,967.0,712.0,28,57.03,2401.6
472,446.0,24.0,79.0,162.0,11.6,967.0,712.0,28,44.42,2401.6
473,446.0,24.0,79.0,162.0,11.6,967.0,712.0,28,51.02,2401.6
474,446.0,24.0,79.0,162.0,10.3,967.0,712.0,28,53.39,2400.3
475,446.0,24.0,79.0,162.0,11.6,967.0,712.0,3,35.36,2401.6
476,446.0,24.0,79.0,162.0,11.6,967.0,712.0,3,25.02,2401.6
477,446.0,24.0,79.0,162.0,11.6,967.0,712.0,3,23.35,2401.6
478,446.0,24.0,79.0,162.0,11.6,967.0,712.0,7,52.01,2401.6
479,446.0,24.0,79.0,162.0,11.6,967.0,712.0,7,38.02,2401.6
480,446.0,24.0,79.0,162.0,11.6,967.0,712.0,7,39.3,2401.6
481,446.0,24.0,79.0,162.0,11.6,967.0,712.0,56,61.07,2401.6
482,446.0,24.0,79.0,162.0,11.6,967.0,712.0,56,56.14,2401.6
483,446.0,24.0,79.0,162.0,11.6,967.0,712.0,56,55.25,2401.6
484,446.0,24.0,79.0,162.0,10.3,967.0,712.0,56,54.77,2400.3
485,387.0,20.0,94.0,157.0,14.3,938.0,845.0,28,50.24,2455.3
486,387.0,20.0,94.0,157.0,13.9,938.0,845.0,28,46.68,2454.9
487,387.0,20.0,94.0,157.0,11.6,938.0,845.0,28,46.68,2452.6
488,387.0,20.0,94.0,157.0,14.3,938.0,845.0,3,22.75,2455.3
489,387.0,20.0,94.0,157.0,13.9,938.0,845.0,3,25.51,2454.9
490,387.0,20.0,94.0,157.0,11.6,938.0,845.0,3,34.77,2452.6
491,387.0,20.0,94.0,157.0,14.3,938.0,845.0,7,36.84,2455.3
492,387.0,20.0,94.0,157.0,13.9,938.0,845.0,7,45.9,2454.9
493,387.0,20.0,94.0,157.0,11.6,938.0,845.0,7,41.67,2452.6
494,387.0,20.0,94.0,157.0,14.3,938.0,845.0,56,56.34,2455.3
495,387.0,20.0,94.0,157.0,13.9,938.0,845.0,56,47.97,2454.9
496,387.0,20.0,94.0,157.0,11.6,938.0,845.0,56,61.46,2452.6
497,355.0,19.0,97.0,145.0,13.1,967.0,871.0,28,44.03,2467.1
498,355.0,19.0,97.0,145.0,12.3,967.0,871.0,28,55.45,2466.3
499,491.0,26.0,123.0,210.0,3.9,882.0,699.0,28,55.55,2434.9
500,491.0,26.0,123.0,201.0,3.9,822.0,699.0,28,57.92,2365.9
501,491.0,26.0,123.0,210.0,3.9,882.0,699.0,3,25.61,2434.9
502,491.0,26.0,123.0,210.0,3.9,882.0,699.0,7,33.49,2434.9
503,491.0,26.0,123.0,210.0,3.9,882.0,699.0,56,59.59,2434.9
504,491.0,26.0,123.0,201.0,3.9,822.0,699.0,3,29.55,2365.9
505,491.0,26.0,123.0,201.0,3.9,822.0,699.0,7,37.92,2365.9
506,491.0,26.0,123.0,201.0,3.9,822.0,699.0,56,61.86,2365.9
507,424.0,22.0,132.0,178.0,8.5,822.0,750.0,28,62.05,2336.5
508,424.0,22.0,132.0,178.0,8.5,882.0,750.0,3,32.01,2396.5
509,424.0,22.0,132.0,168.0,8.9,822.0,750.0,28,72.1,2326.9
510,424.0,22.0,132.0,178.0,8.5,822.0,750.0,7,39.0,2336.5
511,424.0,22.0,132.0,178.0,8.5,822.0,750.0,56,65.7,2336.5
512,424.0,22.0,132.0,168.0,8.9,822.0,750.0,3,32.11,2326.9
513,424.0,22.0,132.0,168.0,8.9,822.0,750.0,7,40.29,2326.9
514,424.0,22.0,132.0,168.0,8.9,822.0,750.0,56,74.36,2326.9
515,202.0,11.0,141.0,206.0,1.7,942.0,801.0,28,21.97,2304.7
516,202.0,11.0,141.0,206.0,1.7,942.0,801.0,3,9.85,2304.7
517,202.0,11.0,141.0,206.0,1.7,942.0,801.0,7,15.07,2304.7
518,202.0,11.0,141.0,206.0,1.7,942.0,801.0,56,23.25,2304.7
519,284.0,15.0,141.0,179.0,5.5,842.0,801.0,28,43.73,2267.5
520,284.0,15.0,141.0,179.0,5.5,842.0,801.0,3,13.4,2267.5
521,284.0,15.0,141.0,179.0,5.5,842.0,801.0,7,24.13,2267.5
522,284.0,15.0,141.0,179.0,5.5,842.0,801.0,56,44.52,2267.5
523,359.0,19.0,141.0,154.0,10.9,942.0,801.0,28,62.94,2426.9
524,359.0,19.0,141.0,154.0,10.9,942.0,801.0,28,59.49,2426.9
525,359.0,19.0,141.0,154.0,10.9,942.0,801.0,3,25.12,2426.9
526,359.0,19.0,141.0,154.0,10.9,942.0,801.0,3,23.64,2426.9
527,359.0,19.0,141.0,154.0,10.9,942.0,801.0,7,35.75,2426.9
528,359.0,19.0,141.0,154.0,10.9,942.0,801.0,7,38.61,2426.9
529,359.0,19.0,141.0,154.0,10.9,942.0,801.0,56,68.75,2426.9
530,359.0,19.0,141.0,154.0,10.9,942.0,801.0,56,66.78,2426.9
531,436.0,0.0,0.0,218.0,0.0,838.4,719.7,28,23.85,2212.1000000000004
532,289.0,0.0,0.0,192.0,0.0,913.2,895.3,90,32.07,2289.5
533,289.0,0.0,0.0,192.0,0.0,913.2,895.3,3,11.65,2289.5
534,393.0,0.0,0.0,192.0,0.0,940.6,785.6,3,19.2,2311.2
535,393.0,0.0,0.0,192.0,0.0,940.6,785.6,90,48.85,2311.2
536,393.0,0.0,0.0,192.0,0.0,940.6,785.6,28,39.6,2311.2
537,480.0,0.0,0.0,192.0,0.0,936.2,712.2,28,43.94,2320.4
538,480.0,0.0,0.0,192.0,0.0,936.2,712.2,7,34.57,2320.4
539,480.0,0.0,0.0,192.0,0.0,936.2,712.2,90,54.32,2320.4
540,480.0,0.0,0.0,192.0,0.0,936.2,712.2,3,24.4,2320.4
541,333.0,0.0,0.0,192.0,0.0,931.2,842.6,3,15.62,2298.8
542,255.0,0.0,0.0,192.0,0.0,889.8,945.0,90,21.86,2281.8
543,255.0,0.0,0.0,192.0,0.0,889.8,945.0,7,10.22,2281.8
544,289.0,0.0,0.0,192.0,0.0,913.2,895.3,7,14.6,2289.5
545,255.0,0.0,0.0,192.0,0.0,889.8,945.0,28,18.75,2281.8
546,333.0,0.0,0.0,192.0,0.0,931.2,842.6,28,31.97,2298.8
547,333.0,0.0,0.0,192.0,0.0,931.2,842.6,7,23.4,2298.8
548,289.0,0.0,0.0,192.0,0.0,913.2,895.3,28,25.57,2289.5
549,333.0,0.0,0.0,192.0,0.0,931.2,842.6,90,41.68,2298.8
550,393.0,0.0,0.0,192.0,0.0,940.6,785.6,7,27.74,2311.2
551,255.0,0.0,0.0,192.0,0.0,889.8,945.0,3,8.2,2281.8
552,158.8,238.2,0.0,185.7,0.0,1040.6,734.3,7,9.62,2357.6
553,239.6,359.4,0.0,185.7,0.0,941.6,664.3,7,25.42,2390.6000000000004
554,238.2,158.8,0.0,185.7,0.0,1040.6,734.3,7,15.69,2357.6
555,181.9,272.8,0.0,185.7,0.0,1012.4,714.3,28,27.94,2367.1000000000004
556,193.5,290.2,0.0,185.7,0.0,998.2,704.3,28,32.63,2371.8999999999996
557,255.5,170.3,0.0,185.7,0.0,1026.6,724.3,7,17.24,2362.3999999999996
558,272.8,181.9,0.0,185.7,0.0,1012.4,714.3,7,19.77,2367.1000000000004
559,239.6,359.4,0.0,185.7,0.0,941.6,664.3,28,39.44,2390.6000000000004
560,220.8,147.2,0.0,185.7,0.0,1055.0,744.3,28,25.75,2353.0
561,397.0,0.0,0.0,185.7,0.0,1040.6,734.3,28,33.08,2357.6
562,382.5,0.0,0.0,185.7,0.0,1047.8,739.3,7,24.07,2355.3
563,210.7,316.1,0.0,185.7,0.0,977.0,689.3,7,21.82,2378.8
564,158.8,238.2,0.0,185.7,0.0,1040.6,734.3,28,21.07,2357.6
565,295.8,0.0,0.0,185.7,0.0,1091.4,769.3,7,14.84,2342.2
566,255.5,170.3,0.0,185.7,0.0,1026.6,724.3,28,32.05,2362.3999999999996
567,203.5,135.7,0.0,185.7,0.0,1076.2,759.3,7,11.96,2360.3999999999996
568,397.0,0.0,0.0,185.7,0.0,1040.6,734.3,7,25.45,2357.6
569,381.4,0.0,0.0,185.7,0.0,1104.6,784.3,28,22.49,2456.0
570,295.8,0.0,0.0,185.7,0.0,1091.4,769.3,28,25.22,2342.2
571,228.0,342.1,0.0,185.7,0.0,955.8,674.3,28,39.7,2385.8999999999996
572,220.8,147.2,0.0,185.7,0.0,1055.0,744.3,7,13.09,2353.0
573,316.1,210.7,0.0,185.7,0.0,977.0,689.3,28,38.7,2378.8
574,135.7,203.5,0.0,185.7,0.0,1076.2,759.3,7,7.51,2360.3999999999996
575,238.1,0.0,0.0,185.7,0.0,1118.8,789.3,28,17.58,2331.8999999999996
576,339.2,0.0,0.0,185.7,0.0,1069.2,754.3,7,21.18,2348.3999999999996
577,135.7,203.5,0.0,185.7,0.0,1076.2,759.3,28,18.2,2360.3999999999996
578,193.5,290.2,0.0,185.7,0.0,998.2,704.3,7,17.2,2371.8999999999996
579,203.5,135.7,0.0,185.7,0.0,1076.2,759.3,28,22.63,2360.3999999999996
580,290.2,193.5,0.0,185.7,0.0,998.2,704.3,7,21.86,2371.8999999999996
581,181.9,272.8,0.0,185.7,0.0,1012.4,714.3,7,12.37,2367.1000000000004
582,170.3,155.5,0.0,185.7,0.0,1026.6,724.3,28,25.73,2262.3999999999996
583,210.7,316.1,0.0,185.7,0.0,977.0,689.3,28,37.81,2378.8
584,228.0,342.1,0.0,185.7,0.0,955.8,674.3,7,21.92,2385.8999999999996
585,290.2,193.5,0.0,185.7,0.0,998.2,704.3,28,33.04,2371.8999999999996
586,381.4,0.0,0.0,185.7,0.0,1104.6,784.3,7,14.54,2456.0
587,238.2,158.8,0.0,185.7,0.0,1040.6,734.3,28,26.91,2357.6
588,186.2,124.1,0.0,185.7,0.0,1083.4,764.3,7,8.0,2343.7
589,339.2,0.0,0.0,185.7,0.0,1069.2,754.3,28,31.9,2348.3999999999996
590,238.1,0.0,0.0,185.7,0.0,1118.8,789.3,7,10.34,2331.8999999999996
591,252.5,0.0,0.0,185.7,0.0,1111.6,784.3,28,19.77,2334.1
592,382.5,0.0,0.0,185.7,0.0,1047.8,739.3,28,37.44,2355.3
593,252.5,0.0,0.0,185.7,0.0,1111.6,784.3,7,11.48,2334.1
594,316.1,210.7,0.0,185.7,0.0,977.0,689.3,7,24.44,2378.8
595,186.2,124.1,0.0,185.7,0.0,1083.4,764.3,28,17.6,2343.7
596,170.3,155.5,0.0,185.7,0.0,1026.6,724.3,7,10.73,2262.3999999999996
597,272.8,181.9,0.0,185.7,0.0,1012.4,714.3,28,31.38,2367.1000000000004
598,339.0,0.0,0.0,197.0,0.0,968.0,781.0,3,13.22,2285.0
599,339.0,0.0,0.0,197.0,0.0,968.0,781.0,7,20.97,2285.0
600,339.0,0.0,0.0,197.0,0.0,968.0,781.0,14,27.04,2285.0
601,339.0,0.0,0.0,197.0,0.0,968.0,781.0,28,32.04,2285.0
602,339.0,0.0,0.0,197.0,0.0,968.0,781.0,90,35.17,2285.0
603,339.0,0.0,0.0,197.0,0.0,968.0,781.0,180,36.45,2285.0
604,339.0,0.0,0.0,197.0,0.0,968.0,781.0,365,38.89,2285.0
605,236.0,0.0,0.0,194.0,0.0,968.0,885.0,3,6.47,2283.0
606,236.0,0.0,0.0,194.0,0.0,968.0,885.0,14,12.84,2283.0
607,236.0,0.0,0.0,194.0,0.0,968.0,885.0,28,18.42,2283.0
608,236.0,0.0,0.0,194.0,0.0,968.0,885.0,90,21.95,2283.0
609,236.0,0.0,0.0,193.0,0.0,968.0,885.0,180,24.1,2282.0
610,236.0,0.0,0.0,193.0,0.0,968.0,885.0,365,25.08,2282.0
611,277.0,0.0,0.0,191.0,0.0,968.0,856.0,14,21.26,2292.0
612,277.0,0.0,0.0,191.0,0.0,968.0,856.0,28,25.97,2292.0
613,277.0,0.0,0.0,191.0,0.0,968.0,856.0,3,11.36,2292.0
614,277.0,0.0,0.0,191.0,0.0,968.0,856.0,90,31.25,2292.0
615,277.0,0.0,0.0,191.0,0.0,968.0,856.0,180,32.33,2292.0
616,277.0,0.0,0.0,191.0,0.0,968.0,856.0,360,33.7,2292.0
617,254.0,0.0,0.0,198.0,0.0,968.0,863.0,3,9.31,2283.0
618,254.0,0.0,0.0,198.0,0.0,968.0,863.0,90,26.94,2283.0
619,254.0,0.0,0.0,198.0,0.0,968.0,863.0,180,27.63,2283.0
620,254.0,0.0,0.0,198.0,0.0,968.0,863.0,365,29.79,2283.0
621,307.0,0.0,0.0,193.0,0.0,968.0,812.0,180,34.49,2280.0
622,307.0,0.0,0.0,193.0,0.0,968.0,812.0,365,36.15,2280.0
623,307.0,0.0,0.0,193.0,0.0,968.0,812.0,3,12.54,2280.0
624,307.0,0.0,0.0,193.0,0.0,968.0,812.0,28,27.53,2280.0
625,307.0,0.0,0.0,193.0,0.0,968.0,812.0,90,32.92,2280.0
626,236.0,0.0,0.0,193.0,0.0,968.0,885.0,7,9.99,2282.0
627,200.0,0.0,0.0,180.0,0.0,1125.0,845.0,7,7.84,2350.0
628,200.0,0.0,0.0,180.0,0.0,1125.0,845.0,28,12.25,2350.0
629,225.0,0.0,0.0,181.0,0.0,1113.0,833.0,7,11.17,2352.0
630,225.0,0.0,0.0,181.0,0.0,1113.0,833.0,28,17.34,2352.0
631,325.0,0.0,0.0,184.0,0.0,1063.0,783.0,7,17.54,2355.0
632,325.0,0.0,0.0,184.0,0.0,1063.0,783.0,28,30.57,2355.0
633,275.0,0.0,0.0,183.0,0.0,1088.0,808.0,7,14.2,2354.0
634,275.0,0.0,0.0,183.0,0.0,1088.0,808.0,28,24.5,2354.0
635,300.0,0.0,0.0,184.0,0.0,1075.0,795.0,7,15.58,2354.0
636,300.0,0.0,0.0,184.0,0.0,1075.0,795.0,28,26.85,2354.0
637,375.0,0.0,0.0,186.0,0.0,1038.0,758.0,7,26.06,2357.0
638,375.0,0.0,0.0,186.0,0.0,1038.0,758.0,28,38.21,2357.0
639,400.0,0.0,0.0,187.0,0.0,1025.0,745.0,28,43.7,2357.0
640,400.0,0.0,0.0,187.0,0.0,1025.0,745.0,7,30.14,2357.0
641,250.0,0.0,0.0,182.0,0.0,1100.0,820.0,7,12.73,2352.0
642,250.0,0.0,0.0,182.0,0.0,1100.0,820.0,28,20.87,2352.0
643,350.0,0.0,0.0,186.0,0.0,1050.0,770.0,7,20.28,2356.0
644,350.0,0.0,0.0,186.0,0.0,1050.0,770.0,28,34.29,2356.0
645,203.5,305.3,0.0,203.5,0.0,963.4,630.0,7,19.54,2305.7
646,250.2,166.8,0.0,203.5,0.0,977.6,694.1,90,47.71,2292.2
647,157.0,236.0,0.0,192.0,0.0,935.4,781.2,90,43.38,2301.6000000000004
648,141.3,212.0,0.0,203.5,0.0,971.8,748.5,28,29.89,2277.1
649,166.8,250.2,0.0,203.5,0.0,975.6,692.6,3,6.9,2288.7
650,122.6,183.9,0.0,203.5,0.0,958.2,800.1,90,33.19,2268.3
651,183.9,122.6,0.0,203.5,0.0,959.2,800.0,3,4.9,2269.2
652,102.0,153.0,0.0,192.0,0.0,887.0,942.0,3,4.57,2276.0
653,102.0,153.0,0.0,192.0,0.0,887.0,942.0,90,25.46,2276.0
654,122.6,183.9,0.0,203.5,0.0,958.2,800.1,28,24.29,2268.3
655,166.8,250.2,0.0,203.5,0.0,975.6,692.6,28,33.95,2288.7
656,200.0,133.0,0.0,192.0,0.0,965.4,806.2,3,11.41,2296.6000000000004
657,108.3,162.4,0.0,203.5,0.0,938.2,849.0,28,20.59,2261.4
658,305.3,203.5,0.0,203.5,0.0,965.4,631.0,7,25.89,2308.7
659,108.3,162.4,0.0,203.5,0.0,938.2,849.0,90,29.23,2261.4
660,116.0,173.0,0.0,192.0,0.0,909.8,891.9,90,31.02,2282.7
661,141.3,212.0,0.0,203.5,0.0,971.8,748.5,7,10.39,2277.1
662,157.0,236.0,0.0,192.0,0.0,935.4,781.2,28,33.66,2301.6000000000004
663,133.0,200.0,0.0,192.0,0.0,927.4,839.2,28,27.87,2291.6000000000004
664,250.2,166.8,0.0,203.5,0.0,977.6,694.1,7,19.35,2292.2
665,173.0,116.0,0.0,192.0,0.0,946.8,856.8,7,11.39,2284.6
666,192.0,288.0,0.0,192.0,0.0,929.8,716.1,3,12.79,2317.9
667,192.0,288.0,0.0,192.0,0.0,929.8,716.1,28,39.32,2317.9
668,153.0,102.0,0.0,192.0,0.0,888.0,943.1,3,4.78,2278.1
669,288.0,192.0,0.0,192.0,0.0,932.0,717.8,3,16.11,2321.8
670,305.3,203.5,0.0,203.5,0.0,965.4,631.0,28,43.38,2308.7
671,236.0,157.0,0.0,192.0,0.0,972.6,749.1,7,20.42,2306.7
672,173.0,116.0,0.0,192.0,0.0,946.8,856.8,3,6.94,2284.6
673,212.0,141.3,0.0,203.5,0.0,973.4,750.0,7,15.03,2280.2
674,236.0,157.0,0.0,192.0,0.0,972.6,749.1,3,13.57,2306.7
675,183.9,122.6,0.0,203.5,0.0,959.2,800.0,90,32.53,2269.2
676,166.8,250.2,0.0,203.5,0.0,975.6,692.6,7,15.75,2288.7
677,102.0,153.0,0.0,192.0,0.0,887.0,942.0,7,7.68,2276.0
678,288.0,192.0,0.0,192.0,0.0,932.0,717.8,28,38.8,2321.8
679,212.0,141.3,0.0,203.5,0.0,973.4,750.0,28,33.0,2280.2
680,102.0,153.0,0.0,192.0,0.0,887.0,942.0,28,17.28,2276.0
681,173.0,116.0,0.0,192.0,0.0,946.8,856.8,28,24.28,2284.6
682,183.9,122.6,0.0,203.5,0.0,959.2,800.0,28,24.05,2269.2
683,133.0,200.0,0.0,192.0,0.0,927.4,839.2,90,36.59,2291.6000000000004
684,192.0,288.0,0.0,192.0,0.0,929.8,716.1,90,50.73,2317.9
685,133.0,200.0,0.0,192.0,0.0,927.4,839.2,7,13.66,2291.6000000000004
686,305.3,203.5,0.0,203.5,0.0,965.4,631.0,3,14.14,2308.7
687,236.0,157.0,0.0,192.0,0.0,972.6,749.1,90,47.78,2306.7
688,108.3,162.4,0.0,203.5,0.0,938.2,849.0,3,2.33,2261.4
689,157.0,236.0,0.0,192.0,0.0,935.4,781.2,7,16.89,2301.6000000000004
690,288.0,192.0,0.0,192.0,0.0,932.0,717.8,7,23.52,2321.8
691,212.0,141.3,0.0,203.5,0.0,973.4,750.0,3,6.81,2280.2
692,212.0,141.3,0.0,203.5,0.0,973.4,750.0,90,39.7,2280.2
693,153.0,102.0,0.0,192.0,0.0,888.0,943.1,28,17.96,2278.1
694,236.0,157.0,0.0,192.0,0.0,972.6,749.1,28,32.88,2306.7
695,116.0,173.0,0.0,192.0,0.0,909.8,891.9,28,22.35,2282.7
696,183.9,122.6,0.0,203.5,0.0,959.2,800.0,7,10.79,2269.2
697,108.3,162.4,0.0,203.5,0.0,938.2,849.0,7,7.72,2261.4
698,203.5,305.3,0.0,203.5,0.0,963.4,630.0,28,41.68,2305.7
699,203.5,305.3,0.0,203.5,0.0,963.4,630.0,3,9.56,2305.7
700,133.0,200.0,0.0,192.0,0.0,927.4,839.2,3,6.88,2291.6000000000004
701,288.0,192.0,0.0,192.0,0.0,932.0,717.8,90,50.53,2321.8
702,200.0,133.0,0.0,192.0,0.0,965.4,806.2,7,17.17,2296.6000000000004
703,200.0,133.0,0.0,192.0,0.0,965.4,806.2,28,30.44,2296.6000000000004
704,250.2,166.8,0.0,203.5,0.0,977.6,694.1,3,9.73,2292.2
705,122.6,183.9,0.0,203.5,0.0,958.2,800.1,3,3.32,2268.3
706,153.0,102.0,0.0,192.0,0.0,888.0,943.1,90,26.32,2278.1
707,200.0,133.0,0.0,192.0,0.0,965.4,806.2,90,43.25,2296.6000000000004
708,116.0,173.0,0.0,192.0,0.0,909.8,891.9,3,6.28,2282.7
709,173.0,116.0,0.0,192.0,0.0,946.8,856.8,90,32.1,2284.6
710,250.2,166.8,0.0,203.5,0.0,977.6,694.1,28,36.96,2292.2
711,305.3,203.5,0.0,203.5,0.0,965.4,631.0,90,54.6,2308.7
712,192.0,288.0,0.0,192.0,0.0,929.8,716.1,7,21.48,2317.9
713,157.0,236.0,0.0,192.0,0.0,935.4,781.2,3,9.69,2301.6000000000004
714,153.0,102.0,0.0,192.0,0.0,888.0,943.1,7,8.37,2278.1
715,141.3,212.0,0.0,203.5,0.0,971.8,748.5,90,39.66,2277.1
716,116.0,173.0,0.0,192.0,0.0,909.8,891.9,7,10.09,2282.7
717,141.3,212.0,0.0,203.5,0.0,971.8,748.5,3,4.83,2277.1
718,122.6,183.9,0.0,203.5,0.0,958.2,800.1,7,10.35,2268.3
719,166.8,250.2,0.0,203.5,0.0,975.6,692.6,90,43.57,2288.7
720,203.5,305.3,0.0,203.5,0.0,963.4,630.0,90,51.86,2305.7
721,310.0,0.0,0.0,192.0,0.0,1012.0,830.0,3,11.85,2344.0
722,310.0,0.0,0.0,192.0,0.0,1012.0,830.0,7,17.24,2344.0
723,310.0,0.0,0.0,192.0,0.0,1012.0,830.0,28,27.83,2344.0
724,310.0,0.0,0.0,192.0,0.0,1012.0,830.0,90,35.76,2344.0
725,310.0,0.0,0.0,192.0,0.0,1012.0,830.0,120,38.7,2344.0
726,331.0,0.0,0.0,192.0,0.0,1025.0,821.0,3,14.31,2369.0
727,331.0,0.0,0.0,192.0,0.0,1025.0,821.0,7,17.44,2369.0
728,331.0,0.0,0.0,192.0,0.0,1025.0,821.0,28,31.74,2369.0
729,331.0,0.0,0.0,192.0,0.0,1025.0,821.0,90,37.91,2369.0
730,331.0,0.0,0.0,192.0,0.0,1025.0,821.0,120,39.38,2369.0
731,349.0,0.0,0.0,192.0,0.0,1056.0,809.0,3,15.87,2406.0
732,349.0,0.0,0.0,192.0,0.0,1056.0,809.0,7,9.01,2406.0
733,349.0,0.0,0.0,192.0,0.0,1056.0,809.0,28,33.61,2406.0
734,349.0,0.0,0.0,192.0,0.0,1056.0,809.0,90,40.66,2406.0
735,349.0,0.0,0.0,192.0,0.0,1056.0,809.0,120,40.86,2406.0
736,238.0,0.0,0.0,186.0,0.0,1119.0,789.0,7,12.05,2332.0
737,238.0,0.0,0.0,186.0,0.0,1119.0,789.0,28,17.54,2332.0
738,296.0,0.0,0.0,186.0,0.0,1090.0,769.0,7,18.91,2341.0
739,296.0,0.0,0.0,186.0,0.0,1090.0,769.0,28,25.18,2341.0
740,297.0,0.0,0.0,186.0,0.0,1040.0,734.0,7,30.96,2257.0
741,480.0,0.0,0.0,192.0,0.0,936.0,721.0,28,43.89,2329.0
742,480.0,0.0,0.0,192.0,0.0,936.0,721.0,90,54.28,2329.0
743,397.0,0.0,0.0,186.0,0.0,1040.0,734.0,28,36.94,2357.0
744,281.0,0.0,0.0,186.0,0.0,1104.0,774.0,7,14.5,2345.0
745,281.0,0.0,0.0,185.0,0.0,1104.0,774.0,28,22.44,2344.0
746,500.0,0.0,0.0,200.0,0.0,1125.0,613.0,1,12.64,2438.0
747,500.0,0.0,0.0,200.0,0.0,1125.0,613.0,3,26.06,2438.0
748,500.0,0.0,0.0,200.0,0.0,1125.0,613.0,7,33.21,2438.0
749,500.0,0.0,0.0,200.0,0.0,1125.0,613.0,14,36.94,2438.0
750,500.0,0.0,0.0,200.0,0.0,1125.0,613.0,28,44.09,2438.0
751,540.0,0.0,0.0,173.0,0.0,1125.0,613.0,7,52.61,2451.0
752,540.0,0.0,0.0,173.0,0.0,1125.0,613.0,14,59.76,2451.0
753,540.0,0.0,0.0,173.0,0.0,1125.0,613.0,28,67.31,2451.0
754,540.0,0.0,0.0,173.0,0.0,1125.0,613.0,90,69.66,2451.0
755,540.0,0.0,0.0,173.0,0.0,1125.0,613.0,180,71.62,2451.0
756,540.0,0.0,0.0,173.0,0.0,1125.0,613.0,270,74.17,2451.0
757,350.0,0.0,0.0,203.0,0.0,974.0,775.0,7,18.13,2302.0
758,350.0,0.0,0.0,203.0,0.0,974.0,775.0,14,22.53,2302.0
759,350.0,0.0,0.0,203.0,0.0,974.0,775.0,28,27.34,2302.0
760,350.0,0.0,0.0,203.0,0.0,974.0,775.0,56,29.98,2302.0
761,350.0,0.0,0.0,203.0,0.0,974.0,775.0,90,31.35,2302.0
762,350.0,0.0,0.0,203.0,0.0,974.0,775.0,180,32.72,2302.0
763,385.0,0.0,0.0,186.0,0.0,966.0,763.0,1,6.27,2300.0
764,385.0,0.0,0.0,186.0,0.0,966.0,763.0,3,14.7,2300.0
765,385.0,0.0,0.0,186.0,0.0,966.0,763.0,7,23.22,2300.0
766,385.0,0.0,0.0,186.0,0.0,966.0,763.0,14,27.92,2300.0
767,385.0,0.0,0.0,186.0,0.0,966.0,763.0,28,31.35,2300.0
768,331.0,0.0,0.0,192.0,0.0,978.0,825.0,180,39.0,2326.0
769,331.0,0.0,0.0,192.0,0.0,978.0,825.0,360,41.24,2326.0
770,349.0,0.0,0.0,192.0,0.0,1047.0,806.0,3,14.99,2394.0
771,331.0,0.0,0.0,192.0,0.0,978.0,825.0,3,13.52,2326.0
772,382.0,0.0,0.0,186.0,0.0,1047.0,739.0,7,24.0,2354.0
773,382.0,0.0,0.0,186.0,0.0,1047.0,739.0,28,37.42,2354.0
774,382.0,0.0,0.0,186.0,0.0,1111.0,784.0,7,11.47,2463.0
775,281.0,0.0,0.0,186.0,0.0,1104.0,774.0,28,22.44,2345.0
776,339.0,0.0,0.0,185.0,0.0,1069.0,754.0,7,21.16,2347.0
777,339.0,0.0,0.0,185.0,0.0,1069.0,754.0,28,31.84,2347.0
778,295.0,0.0,0.0,185.0,0.0,1069.0,769.0,7,14.8,2318.0
779,295.0,0.0,0.0,185.0,0.0,1069.0,769.0,28,25.18,2318.0
780,238.0,0.0,0.0,185.0,0.0,1118.0,789.0,28,17.54,2330.0
781,296.0,0.0,0.0,192.0,0.0,1085.0,765.0,7,14.2,2338.0
782,296.0,0.0,0.0,192.0,0.0,1085.0,765.0,28,21.65,2338.0
783,296.0,0.0,0.0,192.0,0.0,1085.0,765.0,90,29.39,2338.0
784,331.0,0.0,0.0,192.0,0.0,879.0,825.0,3,13.52,2227.0
785,331.0,0.0,0.0,192.0,0.0,978.0,825.0,7,16.26,2326.0
786,331.0,0.0,0.0,192.0,0.0,978.0,825.0,28,31.45,2326.0
787,331.0,0.0,0.0,192.0,0.0,978.0,825.0,90,37.23,2326.0
788,349.0,0.0,0.0,192.0,0.0,1047.0,806.0,7,18.13,2394.0
789,349.0,0.0,0.0,192.0,0.0,1047.0,806.0,28,32.72,2394.0
790,349.0,0.0,0.0,192.0,0.0,1047.0,806.0,90,39.49,2394.0
791,349.0,0.0,0.0,192.0,0.0,1047.0,806.0,180,41.05,2394.0
792,349.0,0.0,0.0,192.0,0.0,1047.0,806.0,360,42.13,2394.0
793,302.0,0.0,0.0,203.0,0.0,974.0,817.0,14,18.13,2296.0
794,302.0,0.0,0.0,203.0,0.0,974.0,817.0,180,26.74,2296.0
795,525.0,0.0,0.0,189.0,0.0,1125.0,613.0,180,61.92,2452.0
796,500.0,0.0,0.0,200.0,0.0,1125.0,613.0,90,47.22,2438.0
797,500.0,0.0,0.0,200.0,0.0,1125.0,613.0,180,51.04,2438.0
798,500.0,0.0,0.0,200.0,0.0,1125.0,613.0,270,55.16,2438.0
799,540.0,0.0,0.0,173.0,0.0,1125.0,613.0,3,41.64,2451.0
800,252.0,0.0,0.0,185.0,0.0,1111.0,784.0,7,13.71,2332.0
801,252.0,0.0,0.0,185.0,0.0,1111.0,784.0,28,19.69,2332.0
802,339.0,0.0,0.0,185.0,0.0,1060.0,754.0,28,31.65,2338.0
803,393.0,0.0,0.0,192.0,0.0,940.0,758.0,3,19.11,2283.0
804,393.0,0.0,0.0,192.0,0.0,940.0,758.0,28,39.58,2283.0
805,393.0,0.0,0.0,192.0,0.0,940.0,758.0,90,48.79,2283.0
806,382.0,0.0,0.0,185.0,0.0,1047.0,739.0,7,24.0,2353.0
807,382.0,0.0,0.0,185.0,0.0,1047.0,739.0,28,37.42,2353.0
808,252.0,0.0,0.0,186.0,0.0,1111.0,784.0,7,11.47,2333.0
809,252.0,0.0,0.0,185.0,0.0,1111.0,784.0,28,19.69,2332.0
810,310.0,0.0,0.0,192.0,0.0,970.0,850.0,7,14.99,2322.0
811,310.0,0.0,0.0,192.0,0.0,970.0,850.0,28,27.92,2322.0
812,310.0,0.0,0.0,192.0,0.0,970.0,850.0,90,34.68,2322.0
813,310.0,0.0,0.0,192.0,0.0,970.0,850.0,180,37.33,2322.0
814,310.0,0.0,0.0,192.0,0.0,970.0,850.0,360,38.11,2322.0
815,525.0,0.0,0.0,189.0,0.0,1125.0,613.0,3,33.8,2452.0
816,525.0,0.0,0.0,189.0,0.0,1125.0,613.0,7,42.42,2452.0
817,525.0,0.0,0.0,189.0,0.0,1125.0,613.0,14,48.4,2452.0
818,525.0,0.0,0.0,189.0,0.0,1125.0,613.0,28,55.94,2452.0
819,525.0,0.0,0.0,189.0,0.0,1125.0,613.0,90,58.78,2452.0
820,525.0,0.0,0.0,189.0,0.0,1125.0,613.0,270,67.11,2452.0
821,322.0,0.0,0.0,203.0,0.0,974.0,800.0,14,20.77,2299.0
822,322.0,0.0,0.0,203.0,0.0,974.0,800.0,28,25.18,2299.0
823,322.0,0.0,0.0,203.0,0.0,974.0,800.0,180,29.59,2299.0
824,302.0,0.0,0.0,203.0,0.0,974.0,817.0,28,21.75,2296.0
825,397.0,0.0,0.0,185.0,0.0,1040.0,734.0,28,39.09,2356.0
826,480.0,0.0,0.0,192.0,0.0,936.0,721.0,3,24.39,2329.0
827,522.0,0.0,0.0,146.0,0.0,896.0,896.0,7,50.51,2460.0
828,522.0,0.0,0.0,146.0,0.0,896.0,896.0,28,74.99,2460.0
829,273.0,105.0,82.0,210.0,9.0,904.0,680.0,28,37.17,2263.0
830,162.0,190.0,148.0,179.0,19.0,838.0,741.0,28,33.76,2277.0
831,154.0,144.0,112.0,220.0,10.0,923.0,658.0,28,16.5,2221.0
832,147.0,115.0,89.0,202.0,9.0,860.0,829.0,28,19.99,2251.0
833,152.0,178.0,139.0,168.0,18.0,944.0,695.0,28,36.35,2294.0
834,310.0,143.0,111.0,168.0,22.0,914.0,651.0,28,33.69,2319.0
835,144.0,0.0,175.0,158.0,18.0,943.0,844.0,28,15.42,2282.0
836,304.0,140.0,0.0,214.0,6.0,895.0,722.0,28,33.42,2281.0
837,374.0,0.0,0.0,190.0,7.0,1013.0,730.0,28,39.05,2314.0
838,159.0,149.0,116.0,175.0,15.0,953.0,720.0,28,27.68,2287.0
839,153.0,239.0,0.0,200.0,6.0,1002.0,684.0,28,26.86,2284.0
840,310.0,143.0,0.0,168.0,10.0,914.0,804.0,28,45.3,2349.0
841,305.0,0.0,100.0,196.0,10.0,959.0,705.0,28,30.12,2275.0
842,151.0,0.0,184.0,167.0,12.0,991.0,772.0,28,15.57,2277.0
843,142.0,167.0,130.0,174.0,11.0,883.0,785.0,28,44.61,2292.0
844,298.0,137.0,107.0,201.0,6.0,878.0,655.0,28,53.52,2282.0
845,321.0,164.0,0.0,190.0,5.0,870.0,774.0,28,57.21,2324.0
846,366.0,187.0,0.0,191.0,7.0,824.0,757.0,28,65.91,2332.0
847,280.0,129.0,100.0,172.0,9.0,825.0,805.0,28,52.82,2320.0
848,252.0,97.0,76.0,194.0,8.0,835.0,821.0,28,33.4,2283.0
849,165.0,0.0,150.0,182.0,12.0,1023.0,729.0,28,18.03,2261.0
850,156.0,243.0,0.0,180.0,11.0,1022.0,698.0,28,37.36,2310.0
851,160.0,188.0,146.0,203.0,11.0,829.0,710.0,28,32.84,2247.0
852,298.0,0.0,107.0,186.0,6.0,879.0,815.0,28,42.64,2291.0
853,318.0,0.0,126.0,210.0,6.0,861.0,737.0,28,40.06,2258.0
854,287.0,121.0,94.0,188.0,9.0,904.0,696.0,28,41.94,2299.0
855,326.0,166.0,0.0,174.0,9.0,882.0,790.0,28,61.23,2347.0
856,356.0,0.0,142.0,193.0,11.0,801.0,778.0,28,40.87,2281.0
857,132.0,207.0,161.0,179.0,5.0,867.0,736.0,28,33.3,2287.0
858,322.0,149.0,0.0,186.0,8.0,951.0,709.0,28,52.42,2325.0
859,164.0,0.0,200.0,181.0,13.0,849.0,846.0,28,15.09,2253.0
860,314.0,0.0,113.0,170.0,10.0,925.0,783.0,28,38.46,2315.0
861,321.0,0.0,128.0,182.0,11.0,870.0,780.0,28,37.26,2292.0
862,140.0,164.0,128.0,237.0,6.0,869.0,656.0,28,35.23,2200.0
863,288.0,121.0,0.0,177.0,7.0,908.0,829.0,28,42.13,2330.0
864,298.0,0.0,107.0,210.0,11.0,880.0,744.0,28,31.87,2250.0
865,265.0,111.0,86.0,195.0,6.0,833.0,790.0,28,41.54,2286.0
866,160.0,250.0,0.0,168.0,12.0,1049.0,688.0,28,39.45,2327.0
867,166.0,260.0,0.0,183.0,13.0,859.0,827.0,28,37.91,2308.0
868,276.0,116.0,90.0,180.0,9.0,870.0,768.0,28,44.28,2309.0
869,322.0,0.0,116.0,196.0,10.0,818.0,813.0,28,31.18,2275.0
870,149.0,139.0,109.0,193.0,6.0,892.0,780.0,28,23.69,2268.0
871,159.0,187.0,0.0,176.0,11.0,990.0,789.0,28,32.76,2312.0
872,261.0,100.0,78.0,201.0,9.0,864.0,761.0,28,32.4,2274.0
873,237.0,92.0,71.0,247.0,6.0,853.0,695.0,28,28.63,2201.0
874,313.0,0.0,113.0,178.0,8.0,1002.0,689.0,28,36.8,2303.0
875,155.0,183.0,0.0,193.0,9.0,1047.0,697.0,28,18.28,2284.0
876,146.0,230.0,0.0,202.0,3.0,827.0,872.0,28,33.06,2280.0
877,296.0,0.0,107.0,221.0,11.0,819.0,778.0,28,31.42,2232.0
878,133.0,210.0,0.0,196.0,3.0,949.0,795.0,28,31.03,2286.0
879,313.0,145.0,0.0,178.0,8.0,867.0,824.0,28,44.39,2335.0
880,152.0,0.0,112.0,184.0,8.0,992.0,816.0,28,12.18,2264.0
881,153.0,145.0,113.0,178.0,8.0,1002.0,689.0,28,25.56,2288.0
882,140.0,133.0,103.0,200.0,7.0,916.0,753.0,28,36.44,2252.0
883,149.0,236.0,0.0,176.0,13.0,847.0,893.0,28,32.96,2314.0
884,300.0,0.0,120.0,212.0,10.0,878.0,728.0,28,23.84,2248.0
885,153.0,145.0,113.0,178.0,8.0,867.0,824.0,28,26.23,2288.0
886,148.0,0.0,137.0,158.0,16.0,1002.0,830.0,28,17.95,2291.0
887,326.0,0.0,138.0,199.0,11.0,801.0,792.0,28,40.68,2267.0
888,153.0,145.0,0.0,178.0,8.0,1000.0,822.0,28,19.01,2306.0
889,262.0,111.0,86.0,195.0,5.0,895.0,733.0,28,33.72,2287.0
890,158.0,0.0,195.0,220.0,11.0,898.0,713.0,28,8.54,2195.0
891,151.0,0.0,185.0,167.0,16.0,1074.0,678.0,28,13.46,2271.0
892,273.0,0.0,90.0,199.0,11.0,931.0,762.0,28,32.24,2266.0
893,149.0,118.0,92.0,183.0,7.0,953.0,780.0,28,23.52,2282.0
894,143.0,169.0,143.0,191.0,8.0,967.0,643.0,28,29.72,2264.0
895,260.0,101.0,78.0,171.0,10.0,936.0,763.0,28,49.77,2319.0
896,313.0,161.0,0.0,178.0,10.0,917.0,759.0,28,52.44,2338.0
897,284.0,120.0,0.0,168.0,7.0,970.0,794.0,28,40.93,2343.0
898,336.0,0.0,0.0,182.0,3.0,986.0,817.0,28,44.86,2324.0
899,145.0,0.0,134.0,181.0,11.0,979.0,812.0,28,13.2,2262.0
900,150.0,237.0,0.0,174.0,12.0,1069.0,675.0,28,37.43,2317.0
901,144.0,170.0,133.0,192.0,8.0,814.0,805.0,28,29.87,2266.0
902,331.0,170.0,0.0,195.0,8.0,811.0,802.0,28,56.61,2317.0
903,155.0,0.0,143.0,193.0,9.0,1047.0,697.0,28,12.46,2244.0
904,155.0,183.0,0.0,193.0,9.0,877.0,868.0,28,23.79,2285.0
905,135.0,0.0,166.0,180.0,10.0,961.0,805.0,28,13.29,2257.0
906,266.0,112.0,87.0,178.0,10.0,910.0,745.0,28,39.42,2308.0
907,314.0,145.0,113.0,179.0,8.0,869.0,690.0,28,46.23,2318.0
908,313.0,145.0,0.0,127.0,8.0,1000.0,822.0,28,44.52,2415.0
909,146.0,173.0,0.0,182.0,3.0,986.0,817.0,28,23.74,2307.0
910,144.0,136.0,106.0,178.0,7.0,941.0,774.0,28,26.14,2286.0
911,148.0,0.0,182.0,181.0,15.0,839.0,884.0,28,15.52,2249.0
912,277.0,117.0,91.0,191.0,7.0,946.0,666.0,28,43.57,2295.0
913,298.0,0.0,107.0,164.0,13.0,953.0,784.0,28,35.86,2319.0
914,313.0,145.0,0.0,178.0,8.0,1002.0,689.0,28,41.05,2335.0
915,155.0,184.0,143.0,194.0,9.0,880.0,699.0,28,28.99,2264.0
916,289.0,134.0,0.0,195.0,6.0,924.0,760.0,28,46.24,2308.0
917,148.0,175.0,0.0,171.0,2.0,1000.0,828.0,28,26.92,2324.0
918,145.0,0.0,179.0,202.0,8.0,824.0,869.0,28,10.54,2227.0
919,313.0,0.0,0.0,178.0,8.0,1000.0,822.0,28,25.1,2321.0
920,136.0,162.0,126.0,172.0,10.0,923.0,764.0,28,29.07,2293.0
921,155.0,0.0,143.0,193.0,9.0,877.0,868.0,28,9.74,2245.0
922,255.0,99.0,77.0,189.0,6.0,919.0,749.0,28,33.8,2294.0
923,162.0,207.0,172.0,216.0,10.0,822.0,638.0,28,39.84,2227.0
924,136.0,196.0,98.0,199.0,6.0,847.0,783.0,28,26.97,2265.0
925,164.0,163.0,128.0,197.0,8.0,961.0,641.0,28,27.23,2262.0
926,162.0,214.0,164.0,202.0,10.0,820.0,680.0,28,30.65,2252.0
927,157.0,214.0,152.0,200.0,9.0,819.0,704.0,28,33.05,2255.0
928,149.0,153.0,194.0,192.0,8.0,935.0,623.0,28,24.58,2254.0
929,135.0,105.0,193.0,196.0,6.0,965.0,643.0,28,21.91,2243.0
930,159.0,209.0,161.0,201.0,7.0,848.0,669.0,28,30.88,2254.0
931,144.0,15.0,195.0,176.0,6.0,1021.0,709.0,28,15.34,2266.0
932,154.0,174.0,185.0,228.0,7.0,845.0,612.0,28,24.34,2205.0
933,167.0,187.0,195.0,185.0,7.0,898.0,636.0,28,23.89,2275.0
934,184.0,86.0,190.0,213.0,6.0,923.0,623.0,28,22.93,2225.0
935,156.0,178.0,187.0,221.0,7.0,854.0,614.0,28,29.41,2217.0
936,236.9,91.7,71.5,246.9,6.0,852.9,695.4,28,28.63,2201.3
937,313.3,0.0,113.0,178.5,8.0,1001.9,688.7,28,36.8,2303.3999999999996
938,154.8,183.4,0.0,193.3,9.1,1047.4,696.7,28,18.29,2284.7
939,145.9,230.5,0.0,202.5,3.4,827.0,871.8,28,32.72,2281.1
940,296.0,0.0,106.7,221.4,10.5,819.2,778.4,28,31.42,2232.2000000000003
941,133.1,210.2,0.0,195.7,3.1,949.4,795.3,28,28.94,2286.8
942,313.3,145.0,0.0,178.5,8.0,867.2,824.0,28,40.93,2336.0
943,151.6,0.0,111.9,184.4,7.9,992.0,815.9,28,12.18,2263.7
944,153.1,145.0,113.0,178.5,8.0,1001.9,688.7,28,25.56,2288.2
945,139.9,132.6,103.3,200.3,7.4,916.0,753.4,28,36.44,2252.9
946,149.5,236.0,0.0,175.8,12.6,846.8,892.7,28,32.96,2313.3999999999996
947,299.8,0.0,119.8,211.5,9.9,878.2,727.6,28,23.84,2246.8
948,153.1,145.0,113.0,178.5,8.0,867.2,824.0,28,26.23,2288.8
949,148.1,0.0,136.6,158.1,16.1,1001.8,830.1,28,17.96,2290.7999999999997
950,326.5,0.0,137.9,199.0,10.8,801.1,792.5,28,38.63,2267.8
951,152.7,144.7,0.0,178.1,8.0,999.7,822.2,28,19.01,2305.4
952,261.9,110.5,86.1,195.4,5.0,895.2,732.6,28,33.72,2286.7
953,158.4,0.0,194.9,219.7,11.0,897.7,712.9,28,8.54,2194.6
954,150.7,0.0,185.3,166.7,15.6,1074.5,678.0,28,13.46,2270.8
955,272.6,0.0,89.6,198.7,10.6,931.3,762.2,28,32.25,2265.0
956,149.0,117.6,91.7,182.9,7.1,953.4,780.3,28,23.52,2282.0
957,143.0,169.4,142.7,190.7,8.4,967.4,643.5,28,29.73,2265.1
958,259.9,100.6,78.4,170.6,10.4,935.7,762.9,28,49.77,2318.5
959,312.9,160.5,0.0,177.6,9.6,916.6,759.5,28,52.45,2336.7
960,284.0,119.7,0.0,168.3,7.2,970.4,794.2,28,40.93,2343.8
961,336.5,0.0,0.0,181.9,3.4,985.8,816.8,28,44.87,2324.3999999999996
962,144.8,0.0,133.6,180.8,11.1,979.5,811.5,28,13.2,2261.3
963,150.0,236.8,0.0,173.8,11.9,1069.3,674.8,28,37.43,2316.6
964,143.7,170.2,132.6,191.6,8.5,814.1,805.3,28,29.87,2266.0
965,330.5,169.6,0.0,194.9,8.1,811.0,802.3,28,56.62,2316.3999999999996
966,154.8,0.0,142.8,193.3,9.1,1047.4,696.7,28,12.46,2244.1000000000004
967,154.8,183.4,0.0,193.3,9.1,877.2,867.7,28,23.79,2285.5
968,134.7,0.0,165.7,180.2,10.0,961.0,804.9,28,13.29,2256.5
969,266.2,112.3,87.5,177.9,10.4,909.7,744.5,28,39.42,2308.5
970,314.0,145.3,113.2,178.9,8.0,869.1,690.2,28,46.23,2318.7
971,312.7,144.7,0.0,127.3,8.0,999.7,822.2,28,44.52,2414.6000000000004
972,145.7,172.6,0.0,181.9,3.4,985.8,816.8,28,23.74,2306.2
973,143.8,136.3,106.2,178.1,7.5,941.5,774.3,28,26.15,2287.7
974,148.1,0.0,182.1,181.4,15.0,838.9,884.3,28,15.53,2249.8
975,277.0,116.8,91.0,190.6,7.0,946.5,665.6,28,43.58,2294.5
976,298.1,0.0,107.5,163.6,12.8,953.2,784.0,28,35.87,2319.2
977,313.3,145.0,0.0,178.5,8.0,1001.9,688.7,28,41.05,2335.3999999999996
978,155.2,183.9,143.2,193.8,9.2,879.6,698.5,28,28.99,2263.4
979,289.0,133.7,0.0,194.9,5.5,924.1,760.1,28,46.25,2307.3
980,147.8,175.1,0.0,171.2,2.2,1000.0,828.5,28,26.92,2324.8
981,145.4,0.0,178.9,201.7,7.8,824.0,868.7,28,10.54,2226.5
982,312.7,0.0,0.0,178.1,8.0,999.7,822.2,28,25.1,2320.7
983,136.4,161.6,125.8,171.6,10.4,922.6,764.4,28,29.07,2292.8
984,154.8,0.0,142.8,193.3,9.1,877.2,867.7,28,9.74,2244.9
985,255.3,98.8,77.0,188.6,6.5,919.0,749.3,28,33.8,2294.5
986,272.8,105.1,81.8,209.7,9.0,904.0,679.7,28,37.17,2262.1000000000004
987,162.0,190.1,148.1,178.8,18.8,838.1,741.4,28,33.76,2277.3
988,153.6,144.2,112.3,220.1,10.1,923.2,657.9,28,16.5,2221.4
989,146.5,114.6,89.3,201.9,8.8,860.0,829.5,28,19.99,2250.6
990,151.8,178.1,138.7,167.5,18.3,944.0,694.6,28,36.35,2293.0
991,309.9,142.8,111.2,167.8,22.1,913.9,651.2,28,38.22,2318.9
992,143.6,0.0,174.9,158.4,17.9,942.7,844.5,28,15.42,2282.0
993,303.6,139.9,0.0,213.5,6.2,895.5,722.5,28,33.42,2281.2
994,374.3,0.0,0.0,190.2,6.7,1013.2,730.4,28,39.06,2314.8
995,158.6,148.9,116.0,175.1,15.0,953.3,719.7,28,27.68,2286.6000000000004
996,152.6,238.7,0.0,200.0,6.3,1001.8,683.9,28,26.86,2283.2999999999997
997,310.0,142.8,0.0,167.9,10.0,914.3,804.0,28,45.3,2349.0
998,304.8,0.0,99.6,196.0,9.8,959.4,705.2,28,30.12,2274.8
999,150.9,0.0,183.9,166.6,11.6,991.2,772.2,28,15.57,2276.4
1000,141.9,166.6,129.7,173.5,10.9,882.6,785.3,28,44.61,2290.5
1001,297.8,137.2,106.9,201.3,6.0,878.4,655.3,28,53.52,2282.8999999999996
1002,321.3,164.2,0.0,190.5,4.6,870.0,774.0,28,57.22,2324.6
1003,366.0,187.0,0.0,191.3,6.6,824.3,756.9,28,65.91,2332.1
1004,279.8,128.9,100.4,172.4,9.5,825.1,804.9,28,52.83,2321.0
1005,252.1,97.1,75.6,193.8,8.3,835.5,821.4,28,33.4,2283.7999999999997
1006,164.6,0.0,150.4,181.6,11.7,1023.3,728.9,28,18.03,2260.5
1007,155.6,243.5,0.0,180.3,10.7,1022.0,697.7,28,37.36,2309.8
1008,160.2,188.0,146.4,203.2,11.3,828.7,709.7,28,35.31,2247.5
1009,298.1,0.0,107.0,186.4,6.1,879.0,815.2,28,42.64,2291.8
1010,317.9,0.0,126.5,209.7,5.7,860.5,736.6,28,40.06,2256.9
1011,287.3,120.5,93.9,187.6,9.2,904.4,695.9,28,43.8,2298.8
1012,325.6,166.4,0.0,174.0,8.9,881.6,790.0,28,61.24,2346.5
1013,355.9,0.0,141.6,193.3,11.0,801.4,778.4,28,40.87,2281.6
1014,132.0,206.5,160.9,178.9,5.5,866.9,735.6,28,33.31,2286.2999999999997
1015,322.5,148.6,0.0,185.8,8.5,951.0,709.5,28,52.43,2325.9
1016,164.2,0.0,200.1,181.2,12.6,849.3,846.0,28,15.09,2253.4
1017,313.8,0.0,112.6,169.9,10.1,925.3,782.9,28,38.46,2314.6
1018,321.4,0.0,127.9,182.5,11.5,870.1,779.7,28,37.27,2293.1000000000004
1019,139.7,163.9,127.7,236.7,5.8,868.6,655.6,28,35.23,2198.0
1020,288.4,121.0,0.0,177.4,7.0,907.9,829.5,28,42.14,2331.2
1021,298.2,0.0,107.0,209.7,11.1,879.6,744.2,28,31.88,2249.8
1022,264.5,111.0,86.5,195.5,5.9,832.6,790.4,28,41.54,2286.4
1023,159.8,250.0,0.0,168.4,12.2,1049.3,688.2,28,39.46,2327.9
1024,166.0,259.7,0.0,183.2,12.7,858.8,826.8,28,37.92,2307.2
1025,276.4,116.0,90.3,179.6,8.9,870.1,768.3,28,44.28,2309.6
1026,322.2,0.0,115.6,196.0,10.4,817.9,813.4,28,31.18,2275.5
1027,148.5,139.4,108.6,192.7,6.1,892.4,780.0,28,23.7,2267.7
1028,159.1,186.7,0.0,175.6,11.3,989.6,788.9,28,32.77,2311.2
1029,260.9,100.5,78.3,200.6,8.6,864.5,761.5,28,32.4,2274.9
